<?xml version="1.0" encoding="UTF-8"?>
<project xmlns="http://cordis.europa.eu">
  <rcn>193273</rcn>
  <acronym>MedBioinformatics</acronym>
  <objective>Progress in biomedical research and healthcare requires profiting from the huge amount of data and knowledge that are generated. However, most of the potential users have no means to efficiently exploit this wealth of information. Up to now, many of the efforts done for developing bioinformatics methods and applications have not produced the expected societal impact for different reasons, including: 1) the deficit of integrative approaches that effectively combine different types of data from different sources; and 2) the lack of active involvement of the potential users (from experimental scientists to healthcare professionals) in the process of creating applications that mine, integrate, analyse and display biomedical information in a way that is immediately understandable and useful ('actionable') by the end users. The present project tries to overcome this issue by involving a multidisciplinary team of experienced bioinformaticians, and experimental and clinical scientists in the design and development of demanded bioinformatics applications. The bioinformaticians will develop medical-oriented integrative methods and applications (New Generation Genotype-Phenotype Explorations, Disease Biomarker Browser, Disease Trajectory Comorbidity Browser, Cancer Genome Interpreter, etc.), while the experimental and clinical partners will actively participate in the design and assessment of the applications, as well as in the curation of customized resources.  The experimental and clinical partners belong to two completely different medical specialties (oncology and psychiatry), which have a big impact in citizens’ wellbeing. Moreover, the commonalities existing between the needs of these disparate specialties will facilitate the identification and design of applications likely to satisfy the needs of biomedical professionals in other areas. Finally, the project aims to setup a platform for the sustainable exploitation of the tools developed throughout its execution.</objective>
  <title>Creating medically-driven integrative bioinformatics applications focused on oncology, CNS disorders and their comorbidities (MedBioinformatics)</title>
<identifier>H2020PHC2014twostage</identifier>
</project>
