<?xml version="1.0" encoding="UTF-8"?>
<project xmlns="http://cordis.europa.eu">
  <rcn>193476</rcn>
  <acronym>E2VENT</acronym>
  <objective>EVENT will develop, demonstrate and validate a cost effective, high energy efficient, low CO2 emissions, replicable, low intrusive, systemic approach for retrofitting of residential and commercial buildings, able to achieve NZEB retrofit standard levels, through the integration of an innovative adaptive ventilated façade system, including: 
• Embedded, breakthrough smart modular heat recovery units, which allow thermal storage mode 
• High efficient photovoltaic generation capability units 
• Cost-effective, easy to install, high performance adapted products for external thermal insulation 
• Energy efficient HVAC systems 
The developed technologies will be integrated in the ventilated façade, and a real time intelligent façade management system will control operation of the system based on meteorological prediction methods for forecasting in advance the decentralised electricity production and the energy (electrical and thermal) demand of the building enabling maximum RE usage. It will inter-operate with existing or latest state-of-the-art Building Energy Management System, to achieve optimum energy efficiency by reducing primary energy needs, CO2 emissions and peak loads, assuring at least the same comfort levels required by Member States Building Codes, at an affordable price. Foreseen impact will be:
• Energy savings of more than 40%, by the holistic use of the ventilated façade, the heat recovery of ventilation air
• At least a reduction of 40% of CO2 emissions, as a consequence of the achieved primary energy savings
• Reduced thermal and electrical peak loads
• Typical performance target of less than 25 kWh/m 2 year (excluding appliances)
Use of heat recovery units, number of photovoltaic cells, natural lighting strategies, and insulation thickness; are variable depending on the characteristics of the building to be retrofitted. Therefore EVENT retrofitting system can be adaptable to different types of buildings and climates, which makes the system versatile.</objective>
  <title>Energy Efficient Ventilated Façades for Optimal Adaptability and Heat Exchange enabling low energy architectural concepts for the refurbishment of existing buildings</title>
<identifier>H2020EeB2014</identifier>
</project>
