<?xml version="1.0" encoding="UTF-8"?>
<project xmlns="http://cordis.europa.eu">
  <rcn>193321</rcn>
  <acronym>ADVOCATE</acronym>
  <objective>ADVOCATE brings together top principal investigators from prestigious universities, the public sector, and the private sector to address the most common diseases affecting humanity, as measured by the recent Global Burden of Disease Study. ADVOCATE strives to optimise delivery of oral health and wellbeing to the population in EU Member States. This requires a change in oral health care delivery towards prevention. The change will be achieved by developing a model that promotes a preventive rather than restorative oral health care system: The oral health care model 2020.  As the oral health care delivery system is not as overly complex as other health care systems, the oral health care model 2020 may serve as a blueprint for other health care system reforms. 

The development of this model requires intensive information exchange and engagement of stakeholders to establish a set of key-indicators. These indicators will be used to benchmark health care performance on practice as well as system level. Two types of evidence-based indicators will be selected: Quantitative and qualitative indicators that allow measuring and influencing of either intrinsic motivation or extrinsic motivation incentives towards a patient centred, resilient and prevention oriented oral health care system. ADVOCATE will test this model in a natural environment, and provide evidence-informed policy measures towards its implementation, both for oral health care systems as well as other health care systems.
Given the comprehensiveness of the topic, ADVOCATE uses a targeted approach that is entirely focused on the five major root-causes underlying the current suboptimal performance of oral health care systems. Moreover, ADVOCATE has confirmed access to data of eight European oral health care databases; it is well connected to existing initiatives and networks, and has ample support from preventive oriented industry, as exemplified by the financial support provided for the final conference.</objective>
  <title>Added Value for Oral Care</title>
<identifier>H2020PHC2014twostage</identifier>
</project>
