<?xml version="1.0" encoding="UTF-8"?>
<project xmlns="http://cordis.europa.eu">
  <rcn>193307</rcn>
  <acronym>PRECIOUS</acronym>
  <objective>Every year, 1.3 million Europeans have a stroke and one million ultimately die of stroke. One third of stroke patients remain dependent on the help of others. The annual costs for stroke care in Europe are estimated at € 64.1 billion. Stroke incidence increases almost exponentially with age, and the personal, societal, and economic burden of stroke is therefore largely driven by its frequent occurrence in the elderly. The elderly have been strongly underrepresented in previous stroke trials and treatment guidelines have no recommendations specific to this important group. Elderly patients are at the highest risk of complications after stroke, such as infections, fever, and dysphagia. These complications are strongly and independently associated with a higher risk of death or dependency.
We will perform a pragmatic, randomised, open clinical trial with blinded outcome assessment in 3800 patients with acute stroke aged 66 years or older, to assess whether pharmacological prevention of infections and fever, and early management of dysphagia, will reduce the risk of death, poor functional outcome, and poor quality of life, and lead to reductions in the costs of stroke care throughout Europe. Patients will be randomised using a factorial design to preventive treatment for 4 days with ceftriaxone, paracetamol, and/or metoclopramide, or to ‘standard care’ alone. The primary outcome is functional outcome at 3 months, assessed with the modified Rankin Scale (mRS), and analysed with ordinal logistic regression. The study will have 90% power to detect a statistically significant shift towards a favourable outcome, assuming a 5% absolute increase in the proportion of patients with a good outcome (mRS 0 to 2) in the intervention group, compared with controls. This simple, safe, and generally available treatment strategy has the potential to lead to an annual reduction of over 25 000 elderly Europeans being dead or dependent as a result of stroke, at very low costs.</objective>
  <title>PREvention of Complications to Improve OUtcome in elderly patients with acute Stroke</title>
<identifier>H2020PHC2014twostage</identifier>
</project>
