<?xml version="1.0" encoding="UTF-8"?>
<project xmlns="http://cordis.europa.eu">
  <rcn>193157</rcn>
  <acronym>ERC-EuropePMC-1-2014</acronym>
  <objective>"The proposed action will provide continued support to the European Research Council (ERC) in the implementation of its Open Access strategy for projects funded in the Life Sciences domain. It follows on from the project ""Support towards the Europe PMC initiative-Contribution for 2013""(ERC-EuropePMC-SUP-2013) which has allowed the ERC to offer the benefits of Europe PMC to its funded researchers for the first time in 2013. The ERC Open Access strategy, and how the present project will assist the ERC in its implementation, is explained below"</objective>
  <title>Support towards the Europe PMC initiative-Contribution for 2014-2016</title>
<identifier>H2020Adhoc201420</identifier>
</project>
