<?xml version="1.0" encoding="UTF-8"?>
<project xmlns="http://cordis.europa.eu">
  <rcn>193412</rcn>
  <acronym>DIVERSITY</acronym>
  <objective>To meet requirements of mass customisation, the manufacturers of machines and equipment for production of mass customised products need powerful engineering environments to allow for multi-directional exchange of knowledge between product design, service design and manufacturing, as well as customers and other relevant organisations across the value chain, distributed all over the globe. Specifically they need feedback from their business customers to whom they sell their equipment, as well as from the final-product customers. Cloud Manufacturing (CMfg) provides new possibilities for collaborative design of product-services within such distributed enterprise, easily adaptable to highly dynamically changing conditions under which enterprises are developing and manufacturing their product-services. On the other hand, tremendous experiences in social software solutions offer new opportunities for enterprises to capture and share experienced based knowledge among all actors across the value chain. Such enormous amount of knowledge to be gathered and shared under dynamically changing conditions, with wide spectrum of actors involved, having different expertise and working conditions/cultures, ask for effective context sensitive solutions for knowledge capturing and analysis. The objective of DIVERSITY is to create a new product-service engineering environment based on a combination of CMfg, PDM/PLM and social software, as well as a set of software tools to support real time sharing of knowledge among various actors, from the designer up to the customer, aimed at small and medium sized companies producing machines/equipment for mass product manufacturers. A new methodology for concurrent collaborative product-service design applying lean based product design paradigm will be developed. Three manufacturing companies, delivering machines/equipment in three different mass production sectors, will drive the project development.</objective>
  <title>Cloud Manufacturing and Social Software Based Context Sensitive Product-Service Engineering Environment for Globally Distributed Enterprise</title>
<identifier>H2020FoF2014</identifier>
</project>
