<?xml version="1.0" encoding="UTF-8"?>
<project xmlns="http://cordis.europa.eu">
  <rcn>193208</rcn>
  <acronym>CRO-EU-REKA</acronym>
  <objective>"The project “CRO-EU-REKA!” will carry out preparations, promotion, organization and impact assessment of the European Researchers' Night events to be organized in Zagreb and Split, the two largest cities in the Republic of Croatia, on 26th September 2014 and 25th September 2015. 

The main theme of the European Researchers' Nights in 2014 and 2015 in Croatia is ""Innovation in Research, Innovation for People"". The focus of the events is to highlight to young people, pupils and students the importance of innovation and creativity processes in research for the benefit of the society. The coordinator of the project is Business Innovation Croatian Agency (BICRO), the key governmental agency for innovation in science and SME sector, focusing on high-technology. BICRO, together with three selected partners: Society znanost.org, University of Split, and Faculty of Electrical Engineering and Computing at University of Zagreb will bring successful researchers with high innovation track records closer to the public at large, especially pupils and students in Croatia.  

The project  intends to stimulate student's understanding and interest towards science and research as an attractive career and in general to enhance public recognition of researchers and their work in Croatia. The format of two events to be organized in two largest cities in Croatia (Zagreb and Split) for two consecutive years allows a unique swap of 10 central Eureka modules between the cities: the Modules organized and presented iin Split in 2014 will be moved to Zagreb in 2015, and Zagreb’s events in 2014 will be presented in Split 2015.  

Various activities during the Nights will be adapted and suited  for a wide audience and will include different competitions, many Modules with science shows, scientist animators, exhibitions, projections, stands and many other surprises. "</objective>
  <title>CRO-EU-REKA! Research For Innovation, Innovation For People</title>
<identifier>H2020MSCANIGHT2014</identifier>
</project>
