<?xml version="1.0" encoding="UTF-8"?>
<project xmlns="http://cordis.europa.eu">
  <rcn>193473</rcn>
  <acronym>FoF-Impact</acronym>
  <objective>The ‘Factories of the Future’ PPP launched in 2008/9 has been a proven success and triggered a unique cooperation between industry, researchers and the European Institutions. The objective of the FoF Impact CSA is to transform the FoF PPP from a research and demonstration programme under FP7 into an innovation programme in Horizon 2020. The FoF-Impact CSA will integrate, in one comprehensive and service-oriented package, a set of tools and measures (guidelines, technology transfer tools and market uptake mechanisms) in support of exploitation of project results generated by the FoF PPP.  The FoF-Impact CSA will build upon the existing work, such as the EFFRA Innovation Portal which offers a dynamic community-based environment for sharing and retrieving information about exploitable results.

The FoF-Impact CSA will also facilitate collaboration among the main stakeholders which are capable of enhancing the overall impact of the ‘Factories of the Future’ PPP in Horizon 2020 at local and company-level. These actors are: manufacturing industries (large and SMEs), national and regional and other European manufacturing initiatives and programmes (Eureka, Manunet etc); technology transfer organisations and market-uptake experts; industry-focused RTOs and institutes, marketers of exploitable results, potential users of exploitable results, possible investors and business angels. 

In summary, the FoF Impact CSA will provide tailor-made guidelines and tools (including a FoF-Impact helpdesk) that will service both individual 'Factories of the Future' projects as well as clusters of 'Factories of the Future' projects. The clustering of projects results will be supported both by the existing EFFRA Innovation Portal and through the organisation of specific events, oriented either to technologies, application sectors or specific challenges, and it will thus further stimulate cross-fertilisation and the identification of additional exploitation opportunities.</objective>
  <title>Enhanced impact of the Factories of the Future PPP through technology transfer and expanded community</title>
<identifier>H2020FoF2014</identifier>
</project>
