<?xml version="1.0" encoding="UTF-8"?>
<project xmlns="http://cordis.europa.eu">
  <rcn>193211</rcn>
  <acronym>Volcanoes Night III</acronym>
  <objective>People have been fascinated by volcanoes ever since the dawn of mankind and treated them with utmost respect. The rapid development of converging technological areas, such as informatics, material science or space research multiplied our knowledge of earth processes and created some highly specialised fields within volcanology. At the same time a dramatic gap has formed between the professionals and the public. As a result, in today’s world, the work of volcanologists is nearly as mythical as the work of volcanoes in ancient times. The objective of this project is therefore to address this issue and bridge the gap between science and the general public of different ages. Participating scientists will not only talk about their field of research, but will also share their experience on how students can approach science and research institutions, providing perfect scenario to attract young people to science careers. During Volcanoes Night participants will be provided to access research facilities, and a complementary scheme of workshops, science cafés, excursions, presentations and challenge games will be arranged all to fuel the public’s curiosity, interest and understanding of research activities. As a backdrop to the Night volcanoes will be used not only to explain the work of volcanologists but also to explain what science is about and what scientists and researchers do during their daily work.</objective>
  <title>Volcanoes' Night III. - Researchers' Night of the Canary Islands</title>
<identifier>H2020MSCANIGHT2014</identifier>
</project>
