<?xml version="1.0" encoding="UTF-8"?>
<project xmlns="http://cordis.europa.eu">
  <rcn>193582</rcn>
  <acronym>SILENCE</acronym>
  <objective>I propose to decipher the unresolved molecular paradox of positive versus negative gene regulation by the Glucocorticoid Receptor (GR). GR is one of the most potent anti-inflammatory drug targets in clinical use today, and one of the most powerful metabolic regulators. Unfortunately, its unique ability to efficiently shut off inflammatory gene expression is accompanied by serious side effects. These undesired effects are attributed to the transcriptional activation of its metabolic target genes and limit its therapeutic use.

SILENCE uses cutting-edge genome-wide approaches to identify the molecular mechanisms underlying the transcriptional repression, or silencing, of inflammatory genes by GR. The general, open question I want to address is how one transcription factor can simultaneously both activate and repress transcription.

GR is a member of the nuclear hormone receptor family of ligand-gated transcription factors. Upon hormone binding, GR can regulate gene expression both positively and negatively, but the mechanism governing this choice is unknown. I have previously shown that classical models and existing paradigms are insufficient to explain GR-mediated gene silencing. Therefore, I postulate the existence of unknown coregulator proteins, cis-regulatory DNA sequences, noncoding RNAs, or combinations thereof. To test these hypotheses, I plan 1. a large scale RNAi screen to identify those cofactors that specify repression versus activation, 2. ChIP-exo experiments to map genomic GR binding sites at an unprecedented resolution, and 3. GRO-Seq studies to define the role of noncoding RNAs during the silencing of inflammatory genes.

Inflammation is known to contribute to the pathogenesis of numerous human illnesses, including cancer, autoimmune diseases, diabetes and cardiovascular disease. Understanding the specific mechanisms involved in the silencing of inflammatory gene expression carries transformative potential for novel therapies and safer drugs.</objective>
  <title>Mechanisms of Gene Silencing by the Glucocorticoid Receptor</title>
<identifier>ERC2014STG</identifier>
</project>
