<?xml version="1.0" encoding="UTF-8"?>
<project xmlns="http://cordis.europa.eu">
  <rcn>193193</rcn>
  <acronym>EPICNIGHT</acronym>
  <objective>"Researchers’ Night again in Poznan! EPICNight! Enthusiasm, Passion, Inspiration, Challenge– join us during the Researchers’ Night and see for yourself how by connecting science and passion one can make a difference! Come and uncover the secrets of scientists and researchers! Open the doors to your good neighbours – researchers! Measure immeasurable and see invisible! Become a researcher for one night and construct DNA helix, have a ride in 3D helmet, design your own clothes or learn the secrets of Eco-robots! Come and sing karaoke songs with researchers and at the end dress up like a famous scientist and dance with us cha-cha or jive. Feel like doing some sport? These and many other attractions are waiting for you to reveal your passion for science and convince you that researchers are just ordinary people with an extraordinary job and various hobbies!
EPICNIGHT is a continuation of the Researchers’ Night projects of the past seven years, which were highly successful gathering last year app. 57 000 people willing to meet researchers face to face and to learn new things about their work and personal lives. The project, promoting an image of researchers, builds on last years’ experiences and aims at enhancing further public recognition of researchers and their work by bringing them closer to the public, underlying their important contribution to the daily life and well-being of the European citizens. Activities organised during the Night on 26 September 2014 and 26 September 2015 will be focused on public at large and will have even more hassle-free and festive character, being a valid alternative to ""traditional Friday night activities"" while allowing learning more about researchers and research. Those activities will offer a direct contact between researchers and public, combine fun and education elements (edutainment), ensure linking together Nights organised in different cities in Poland and ensure an active and direct involvement of the visitors in activities.
"</objective>
  <title>Enthusiasm, Passion, Inspiration, Challenge (EPIC) – join us during the Researchers’ Night and see for yourself how by connecting science and passion one can make a difference!</title>
<identifier>H2020MSCANIGHT2014</identifier>
</project>
