<?xml version="1.0" encoding="UTF-8"?>
<project xmlns="http://cordis.europa.eu">
  <rcn>193422</rcn>
  <acronym>FracRisk</acronym>
  <objective>FrakRisk further develops the knowledge base for understanding, preventing and mitigating the potential impact of the exploration and exploitation of shale gas reserves found throughout Europe. This will include international experience, state of the art process understanding, state of the art modelling techniques and the further development of fully accepted risk assessment tools for site screening, selection and management specifically for shale gas exploitation. FracRisk focuses on key knowledge gaps identified from the literature, research and industrial experience. Central to the project is the modelling of six exemplary scenarios selected to represent the highest risk environmental impact scenarios identified as generally of most concern. The modelling of the scenarios is directed by the aim to reduce the uncertainty and assess the risk of different events during shale gas exploration and exploitation. Using an iterative modelling and risk reduction approach, cost effective data density requirements to limit uncertainty will be evaluated. The modelled scenarios will be validated against existing data from several sites within the EU and in the USA. Effective monitoring procedures and applicable mitigation techniques will be determined and evaluated. Scientific recommendations will be formulated and legislative refinement suggested. Public concerns about the management of risk related to fracking operations will be addressed. A firm scientific basis and demonstrable data to validate recommendations will be provided. The technological readiness level from a number of multidisciplinary approaches and applications will be noticeably improved. FrakRisk will lead to a more focused, coherent and scientifically founded approach that can be useful to member states willing to enable and regulate the shale gas industry.</objective>
  <title>Furthering the Knowledge Base For Reducing the Environmental Footprint of Shale Gas Development (FracRisk)</title>
<identifier>H2020LCE20141</identifier>
</project>
