<?xml version="1.0" encoding="UTF-8"?>
<project xmlns="http://cordis.europa.eu">
  <rcn>193342</rcn>
  <acronym>FieldFOOD</acronym>
  <objective>Pulsed electric field technology (PEF) represents an innovative solution for sustainable processing in order to improve the competitiveness of the European food industry. Currently, in spite of the many advantages deriving from the introduction of the PEF technology in the food industry and the existence of different PEF manufactures at industrial-scale, applications of PEF in the food industry is still limited. FieldFOOD project is based on a preliminary analysis addressed to identify the bottlenecks that cause such limited application with the objective of providing SME companies (food producers, pulse power producers, equipment manufactures) with a clear competitive edge, as well as opportunities for growing, diversification and job creation but also of responding to consumer demand for foods with fresh characteristics or novel foods that contribute to individual health and wellbeing. This broad objective will be achieved by: a) a systematic process analysis of different specific applications (fruit juice processing, tomato product processing, winemaking, olive oil extraction and cider-making) for a successful integration of the PEF technology in order to replace or complement existing traditional food processing technologies and b) the design of modular, portable, low-cost  pulse generators. The main deliverable of FieldFOOD project will be to validate and demonstrate, in co-operation with SMEs, implementation of modular, portable, low-cost pulse generators for different applications. The efforts needed to introduce this technology in the food industry for different applications are necessary to be multidisciplinary. Therefore, to be efficient and successful, strong links needs to be established between research institutions with a well-established expertise in PEF technology (4 partners), manufactures of PEF generator (1 SME partner)  and food companies (5 SMEs partners) that represent the final users of the technology.</objective>
  <title>Integration of PEF in food processing for improving food quality, safety and competitiveness</title>
<identifier>H2020SFS20142</identifier>
</project>
