<?xml version="1.0" encoding="UTF-8"?>
<project xmlns="http://cordis.europa.eu">
  <rcn>193280</rcn>
  <acronym>SITless</acronym>
  <objective>The increase of the elderly population leads to increased prevalence of frailty, risk for poor health outcomes, and related health and social care costs. Lack of physical activity (PA) and established sedentary behaviours (SB) constitute an additional burden, as they are related to progression of chronic disease and disabling conditions. An existing initiative to battle SB and insufficient PA levels are exercise referral schemes (ERS) implemented in primary care, where insufficiently active individuals are referred to a third party service (sports centre or leisure facility) that prescribes and monitors an exercise programme tailored to the patients’ needs. ERS had shown improvements in PA in the short-term, but may have limited power to change SB and produce long-term effects. Thus, ERS might be enhanced by self-management strategies (SMS) to promote behavioural change. Such strategies based on social cognitive theory have been shown to increase self-confidence, power to act, and involvement in exercise.
In a first stage, a systematic review, focus groups and a feasibility study will be conducted. Then, a three-armed pragmatic randomized controlled trial (RCT) will assess the long-term effectiveness of a complex intervention on sedentary behaviour (SB) in an elderly population, based on existing ERS enhanced by self-management strategies (SMS). It will be compared to ERS alone and to general recommendations.
The RCT will include 1138 subjects and will have a follow up of 18 months. The effect on SB will be measured as activity daily counts per minute and physical function. Secondary outcomes will include: healthcare use and costs, self-rated health and quality of life, mortality, morbidity, disability, institutionalization, mental health, social capital, sarcopenia and safety parameters. SITless will assess policy makers in deciding how or whether ERS should be further implemented or restructured in order to increase its adherence, efficacy and cost-effectiveness.</objective>
  <title>SITless: Exercise Referral Schemes enhanced by Self-Management Strategies to battle sedentary behaviour</title>
<identifier>H2020PHC2014twostage</identifier>
</project>
