<?xml version="1.0" encoding="UTF-8"?>
<project xmlns="http://cordis.europa.eu">
  <rcn>193186</rcn>
  <acronym>CATCH ME</acronym>
  <objective>Atrial fibrillation (AF) is the most common cardiac arrhythmia, with a prevalence of 1.5-2% in European populations. By being a major cause of stroke, dementia, heart failure, and premature death, AF is a major threat to healthy ageing. Despite increasing knowledge on the diverse mechanisms that cause the AF substrate in individual patients, current strategies for prevention and therapy of AF remain largely unguided by mechanistic insights. As a result - with the exception of anticoagulation for the prevention of AF-related stroke – treatment of AF has thus far failed to improve patients’ outcome. 
The CATCH ME consortium will bridge the present disconnect between our understanding of the molecular and electrophysiological mechanisms of AF and the current unstructured approach to its prevention and treatment. The consortium combines clinical, molecular, ECG engineering, and biostatistical expertise, and has access to large sets of human biological material (atrial tissue and bloods samples) and carefully phenotyped patient populations. Together, we will identify and integrate the main drivers of prevalent and incident AF in patients, and validate new ECG- and blood based markers in well-characterized cohorts. The results of these investigations will provide a quantitative estimate of the prevalence and impact of new and established risk factors for AF in Europe and uncover potential new targets and strategies for the prevention and treatment of this arrhythmia. We will integrate these factors into a new clinical classification of AF that will be externally validated in two large patient cohorts, including response to current treatment strategies, and AF-related complications. In summary, CATCH ME will 
1. Identify major AF-related modifiers of health in the elderly in Europe, 
2. Develop clinical tools that have the potential of transforming the management of AF in individual patients, and 
3. Inform future personalized strategies to prevent and treat AF in Europe.</objective>
  <title>Characterizing Atrial fibrillation by Translating its Causes into Health Modifiers in the Elderly</title>
<identifier>H2020PHC2014twostage</identifier>
</project>
