<?xml version="1.0" encoding="UTF-8"?>
<project xmlns="http://cordis.europa.eu">
  <rcn>193447</rcn>
  <acronym>ProRegio</acronym>
  <objective>The ProRegio project aims at developing a manufacturing intelligence based product-service that will rigorously change the current way how customer requirements are addressed by manufacturing companies. The development of this new business approach is based on three major issues, namely (i) design of customer oriented product-services for frugal innovation in a bottom-up development process, (ii) optimization of production systems and networks based on interaction of stakeholders, and (iii) planning and control of production networks and regional production systems to enable ad-hoc re-design. The three goals are enabled by innovative cloud-based product lifecycle management (PLM) solutions integrating production (shop-floor and supplier) as well as customer feedbacks using open IT-platforms and advanced multi-objective optimization methods in comprehensive decision support tools.
The application of the proposed methodology in any kind of globally engaging manufacturing company exploits potentials to shorten time-to-market of customized products as well as throughput times in globally distributed production tasks and reduce carbon footprint of global production networks.
The integration of the proposed innovative product-service into production networks will increase the attractiveness of European companies by offering new added value services that make their products more attractive (e.g. more individualized products and shorter time to market) to different customers segments especially for emerging regions by offering new frugal products earning a share of sales and by increasing customer satisfaction in terms of providing more power to the customer. In general, ProRegio enables EU companies to export into emerging countries all around the world; in doing so the project will help to stabilize EU’s export growth above 5% until 2020.</objective>
  <title>Customer-driven design of product-services and production networks to adapt to regional market requirements</title>
<identifier>H2020FoF2014</identifier>
</project>
