<?xml version="1.0" encoding="UTF-8"?>
<project xmlns="http://cordis.europa.eu">
  <rcn>193370</rcn>
  <acronym>INSITER</acronym>
  <objective>NEED FOR INNOVATION: The critical mass of Energy-efficient Buildings (EeB) in Europe by 2020 will be achieved through sustainable industrialisation of high-performance architectural, structural and building-service components. However, realising the targeted performance in design is hampered by critical shortcomings during on-site construction and refurbishment that cause a lower built-quality and sub-optimal energy-saving in the building lifecycle. OBJECTIVE OF THE PROJECT: INSITER aims to eliminate the gaps in quality and energy-performance between design and realisation of energy-efficient buildings based on prefabricated components. The key innovation of INSITER is the intuitive and cost-effective Augmented Reality that connects the virtual model and the physical building in real-time. INSITER will develop a new methodology for self-instruction and self-inspection by construction workers, subcontractors, component suppliers, and other stakeholders during on-site working processes, supported by a coherent set of hardware and software tools. HOW THE OBJECTIVE WILL BE ACHIEVED: INSITER will substantially enhance the functionalities and capabilities of measurement and diagnostic instruments (like portable 3D laser scanners, thermal imaging cameras, acoustic and vibration detectors, real-time sensors) by means of a smart Application Programming Interface (API) and data integration with a cloud-based Building Information Model (BIM). The triangulation of Geospatial Information, Global and Indoor Positioning Systems (GIS, GPS, IPS) will support accurate and comprehensive Virtual and Augmented Reality (VR and AR). RELEVANCE TO THE WORK PROGRAMME: Through new self-inspection techniques, INSITER will fully leverage the energy-efficiency potentials of buildings based on prefab components, from design to construction, refurbishment and maintenance. It will scale-up the use of BIM for standardised inspection and commissioning protocols, involving all actors in the value-chain.</objective>
  <title>Intuitive Self-Inspection Techniques using Augmented Reality for construction, refurbishment and maintenance of energy-efficient buildings made of prefabricated components</title>
<identifier>H2020EeB2014</identifier>
</project>
