<?xml version="1.0" encoding="UTF-8"?>
<project xmlns="http://cordis.europa.eu">
  <rcn>193668</rcn>
  <acronym>preQFT</acronym>
  <objective>Ambitious Questions:

*  How does the relatively calm macroscopic universe survive and emerge from the violent quantum fluctuations of its underlying microphysics? 
*  How do classical notions of space and time emerge from fundamental principles, and what governs their evolution? 

These questions are difficult to answer---perhaps impossible given current ideas and frameworks---but I believe a strategic path forward is to thoroughly understand the quantum predictions of our Yang-Mills and Gravity theories, and unambiguously identify their non-perturbative UV completions. The first step forward, and the goal of this project, is to move towards the trivialization of perturbative calculations.  

Consider the notion of failure-point calculations -- calculations that push modern methods and world-class technologies to their breaking-point. Such calculations, for their very success, engender the chance of cultivating and exploiting previously unappreciated structure. In doing so, such calculations advance the state of the art forward to some degree, dependent on the class of the problems and nature of the solution. With scattering amplitude calculations, we battle against (naive) combinatorial complexity as we go either higher in order of quantum correction ( loop order ), or higher in number of external particles scattering (multiplicity), so our advances must be revolutionary to lift us forward.  Yet I and others have shown that the very complications of generalized gauge freedom promise a potential salvation at least as powerful as the complications that confront us. The potential reward is enormous, a rewriting of perturbative quantum field theory to make these principles manifest and calculation natural, an ambitious but now realistic goal. The path forward is optimized through strategic calculations.</objective>
  <title>Strategic Predictions for Quantum Field Theories</title>
<identifier>ERC2014STG</identifier>
</project>
