<?xml version="1.0" encoding="UTF-8"?>
<project xmlns="http://cordis.europa.eu">
  <rcn>193200</rcn>
  <acronym>TRACKS</acronym>
  <objective>The Researchers’ Night has been for the eight past editions a regular appointment for researchers and for the different publics of science in Piedmont.
The opportunity to organize two subsequent editions of the Night allows an active involvement of the stakeholders in the co-production of the event to increase their engagement and mutual awareness. Researchers, young people, citizens and, for the first time, industries will participate together to create a unique event. In addition, the 2015 edition will be the 10th anniversary of the Night in Piedmont and in Europe, a milestone to assess the impact of the event.
The acronym TRACKS intends to represent the scientific method that researchers use in their work, the way that science and technology are making within society and the need for society to get involved into science and technology, the route that young people can take for their future and the track that policy makers and citizens can choose to address in an innovative and democratic way the challenges of our time, as pointed out by Horizon 2020.
In terms of communication and impact, the novelty introduced in 2013 “The human face of research” will allow public and researchers to meet before and after the Night on the web and through the new media to represent the impact that the Night has had in its first 10 years on the society. For this reason we suggest to extend this project to celebrate the 10th anniversary of the event throughout the EU and we have the intention to cooperate with the EU Commission in such context.
Needless to say, the best traditional activities of the previous editions will continue in all venues but especially the European Coffee corner for science, a very appealing space where the public can get in touch with researchers and learn about the European dimension of science.
The Night in Piedmont will also be an opportunity to promote in 2014 an active participation in the International Year of Light 2015 and of course in the EXPO2015.</objective>
  <title>Tenth Researchers' night Anniversary for Citizenship in the Knowledge Society</title>
<identifier>H2020MSCANIGHT2014</identifier>
</project>
