<?xml version="1.0" encoding="UTF-8"?>
<project xmlns="http://cordis.europa.eu">
  <rcn>193265</rcn>
  <acronym>SOUND</acronym>
  <objective>Bioinformatic analysis is the biggest bottleneck in many genomic medicine projects. Our objective is to enable researchers to dramatically increase statistically informed use of personal multi-omic data in medicine. Soon, multiple types of omic technologies will be applied to 100,000s of patient-derived samples, with the three-stage goal of better understanding disease biology, discovery of new interventions, and personalizing the choice of treatment options. Our interdisciplinary team of biostatisticians, bioinformaticians, software developers and physician-scientists will address the analysis bottleneck with statistically and computationally sound methods. The SOUND consortium will (i) develop widely used and excellent bioinformatic and statistical methods and open source software for common but challenging tasks, including data pre-processing, data integration, statistical inference, visual presentation, and publication-quality reporting; (ii) introduce novel approaches to ground breaking multi-omics applications in oncology and medical genetics; (iii) develop interoperable data structures and software interfaces that enable seamless combination of tools; (iv) support a collaborative international academic and industry developer community; (v) enable rapid development and execution of high-quality software; (vi) lower the barrier to entry into this transdisciplinary field by providing simple, robust, easy-to-use solutions; and (vii) develop a training programme with regular courses and comprehensive online tutorials. Our aim is to create the de facto standard toolkit used in every clinical research lab for statistically informed analysis of personal multi-omic data. SOUND will increase research and innovation opportunities by reducing barriers of entry to genomic medicine across academic, healthcare and commercial sectors by translating in a rapid and efficient manner complex and innovative analytical approaches into modular, interoperable, reusable applications.</objective>
  <title>Statistical multi-Omics UNDerstanding of Patient Samples</title>
<identifier>H2020PHC2014twostage</identifier>
</project>
