<?xml version="1.0" encoding="UTF-8"?>
<project xmlns="http://cordis.europa.eu">
  <rcn>193247</rcn>
  <acronym>DYNAHEALTH</acronym>
  <objective>The Gluco-Psychosocial Axis (GPA) concerns the interplay of factors determining glucose metabolism and insulin sensitivity and the neuroendocrine response resulting from exposure to psychosocial stress. A sub-optimal GPA influences the development of type 2 diabetes and related impairments with varying degrees of interplay between genetics and early growth (particularly adiposity and cognitive function), and social, occupational, and other modifiable lifestyle factors. Many exposures apply from  throughout life, and potential exposure to a sub-optimal GPA lead to a cumulative risk of ill health and decreased economic prospects for the ageing. Understanding these factors, interactions and extent they contribute to the preservation of glucose homeostasis and psychosocial functioning is important for the development of preventive and therapeutic measures promoting healthy and active ageing. DynaHEALTH will contribute to implementing a dynamic model for early GPA risk identification and validation, allowing development of risk-based prevention tools and policies that will help to inform policy makers on the best periods to invest in cost-effective and sustainable healthcare strategies. DynaHEALTH comprises 13 partners from academic/private sectors and will leverage data from 21 birth cohorts and intervention studies, involving 1.5 million Europeans. By identifying biological and psychosocial determinants of the GPA and characterising metabolic and epigenetic factors, whilst quantifying the impact of exposure to an optimal lifelong GPA, DynaHEALTH will influence weight gain, glucose homeostasis, employability, health deterioration and disease accumulation as individuals age. DynaHEALTH includes the potential to exploit the results for new technologies and strategies, adding to our understanding of pathways related to healthy and active ageing, underpinning options for targeted, personalised healthcare and mitigating the effects of sub-optimal GPA on ageing.</objective>
  <title>Understanding the dynamic determinants of glucose homeostasis and social capability to promote Healthy and active aging</title>
<identifier>H2020PHC2014twostage</identifier>
</project>
