<?xml version="1.0" encoding="UTF-8"?>
<project xmlns="http://cordis.europa.eu">
  <rcn>193394</rcn>
  <acronym>FLEXOP</acronym>
  <objective>The FLEXOP project is about developing multidisciplinary aircraft design capabilities for Europe that will increase competitiveness with emerging markets -particularly in terms of aircraft development costs. A closer coupling of wing aeroelasticity and flight control systems in the design process opens new opportunities to explore previously unviable designs. Common methods and tools across the disciplines also provide a way to rapidly adapt existing designs into derivative aircraft, at a reduced technological risk (e.g. using control to solve a flutter problem discovered during development). The goal will be achieved by: (a) improving efficiency of currently existing wing, by increased span at no excess structural weight, while establishing modifications by aeroelastic tailoring to carry the redesigned derivative wing; (b) developing methods and tools for very accurate flutter modeling and flutter control synthesis, to enable improved flutter management during development, certification, and operation, enabling to fly with the stretched wing at same airspeed as the baseline aircraft; (c) validating the accuracy of developed tools and methods on an affordable experimental platform, followed by a scale-up study, demonstrating the interdisciplinary development cycle. Manufacturers will gain cost efficient methods, tools and demonstrators for enhancing aircraft performance by integrated development of flutter control and aeroelastic tailoring. These inter-disciplinary capabilities will improve the design cycle and the Verification&amp; Validation process of both derivative and new aircraft. Better control of development and certification costs can be achieved if these capabilities are used to address problems early in the design process. Flight test data will be posted on the project website to provide a benchmark for the EU aerospace community. The project’s results will serve as a preliminary outlining of certification standards for future EU flexible transport aircraft.</objective>
  <title>Flutter Free FLight Envelope eXpansion for ecOnomical Performance improvement</title>
<identifier>H2020MG2014TwoStages</identifier>
</project>
