<?xml version="1.0" encoding="UTF-8"?>
<project xmlns="http://cordis.europa.eu">
  <rcn>193367</rcn>
  <acronym>E-ferry</acronym>
  <objective>E-ferry addresses the urgent need for reducing European CO2 emissions and air pollution from waterborne transportation by demonstrating the feasibility of a 100% electrically powered, emission free, medium sized ferry for passengers and cars, trucks and cargo relevant to island communities, coastal zones and inland waterways. The vessel will be based on a newly developed, energy efficient design concept and demonstrated in full-scale operation on longer distances than previously seen for electric drive train ferries (&gt; 5 Nm), i.e. the medium range connections Soeby-Fynshav (10.7 Nm) and Soeby-Faaborg (9.6 Nm) in the Danish part of the Baltic Sea, connecting the island of Aeroe (Ærø) to the mainland.
E-ferry builds on the Danish ERDF funded project Green Ferry Vision proving feasibility of the concept to be demonstrated and indicating significant potential impacts compared to conventionally fuelled ferries operating on the same medium range routes; energy savings of up to 50%, annual emission reductions of approx. 2,000 tonnes CO2, 41,500 kg NOx, 1,350 kg SO2 and 2,500 kg particulates.
E-ferry is likely to be the one with the largest battery-pack ever installed in a ferry with a record breaking high charging power capacity of up to 4 MW allowing for short port stays. On top of being 100% powered by electricity, the innovative novelties of the E-ferry design concept and its expected impacts addresses flaws in current state-of-the-art by demonstrating a concept based on optimised hull-shape, lightweight equipment and carbon composite materials, ensuring reduced weight by up to 60% on parts replaced by composite elements. Approval of the use of carbon fibre-reinforced composite modules in E-ferry’s superstructure according regulation through material and fire testing also is key to the project.
The strong industrial, maritime and public partners also will assure dissemination of results and push for a widespread market up-take of the E-ferry concept.</objective>
  <title>E-ferry – prototype and full-scale demonstration of next generation 100% electrically powered ferry for passengers and vehicles</title>
<identifier>H2020MG2014TwoStages</identifier>
</project>
