<?xml version="1.0" encoding="UTF-8"?>
<project xmlns="http://cordis.europa.eu">
  <rcn>193313</rcn>
  <acronym>REGAIN</acronym>
  <objective>Hearing loss is a chronic non-communicable disease disabling over 328 million adults, and 32 million children worldwide. Sensorineural hearing loss due to loss of auditory hair cells was long thought to be irreversible. However, recent animal studies have demonstrated that pharmacological inhibition of cell signalling via Notch receptors using gamma-secretase inhibitors (GSIs) can regenerate hair cells and partially restore hearing capacity. This novel therapeutic concept provides the first promising lead for actual treatment of hearing loss. Clinical validation of these findings is the next crucial stepping stone in the development of a regenerative therapy for hearing loss. The ambition of REGAIN is to repurpose a GSI molecule for this indication by shifting from systemic to local treatment.
The objective of the REGAIN project is to demonstrate and exploit the efficacy of locally administered GSIs to improve hearing through regeneration of inner ear hair cells with a lasting effect. The project will involve 1) the upscaling of GMP production of the clinical GSI candidate, 2) the generation of preclinical data on GSI dosing and local safety, 3) medical ethical clinical trial approval and 4) the demonstration of proof of concept for GSI for treatment of patients with recent onset sensorineural hearing loss. 
Small molecule drugs targeting the underlying biological causes of hearing loss in a safe way are expected to meet a real medical need for millions of patients, who currently rely on the limited benefits provided by hearing aids or cochlear implants. The partners involved in REGAIN represent the current state of the art in regenerative hearing loss research in the EU. REGAIN will break through that current state of the art, and will advance the first highly promising pharmaceutical treatment of hearing loss through clinical testing.</objective>
  <title>REgeneration of inner ear hair cells with GAmma-secretase INhibitors to regain hearing in patients with sensorineural hearing loss</title>
<identifier>H2020PHC2014twostage</identifier>
</project>
