<?xml version="1.0" encoding="UTF-8"?>
<project xmlns="http://cordis.europa.eu">
  <rcn>193195</rcn>
  <acronym>EXPLORATHON</acronym>
  <objective>We present a unique, pan-Scotland approach to high-impact researcher-led public engagement that benefits from the well-established profile of European Researchers' Night.  Our proposal is led by a partnership of four of Scotland's leading research-intensive universities (Aberdeen, Strathclyde, Glasgow and Edinburgh) each with an extensive track record in public engagement. Motivated by a guiding principle of 'Research for All' our Explorathon Nights in 2014 and 2015 will bring researchers, schools and publics together across Scotland’s three largest cities. A mix of popular and bespoke event formats will be deployed under a public-facing message of 'One Night – Unlimited Discovery'. The main objectives of our Explorathon are:-

- To highlight the impact and relevance of modern research and researchers in tackling society’s global challenges, through a rich mix of stimulating, interactive activities
- To challenge and enrich public perceptions of ‘research’ and ‘the role of researchers’ through stories and researcher journeys that address societal challenges and highlight the stimulating, exploratory and multidisciplinary nature of modern research.
- To stimulate interest in research as a career, in particular for young people, through personal interactions with researcher role models, exemplified by our Marie Curie Fellows.

To achieve this, we will apply our partnership's extensive experience in researcher professional skills development and public  engagement to mobilise both researcher and public audiences to connect with the Nights. A visible, vibrant public awareness campaign will combine with a robust approach to researcher support, assisted by the ambassadorial roles of our Marie Curie Fellow cohorts,  to produce a high quality set of activities, hosted in accessible venues, and featuring popular formats, exciting EU exemplar projects and aimed at a wide range of ages, backgrounds and interests.</objective>
  <title>EXPLORATHON - European Researchers' Night Scotland</title>
<identifier>H2020MSCANIGHT2014</identifier>
</project>
