<?xml version="1.0" encoding="UTF-8"?>
<project xmlns="http://cordis.europa.eu">
  <rcn>193444</rcn>
  <acronym>RADICLE</acronym>
  <objective>RADICLE aims to create a real-time dynamic control system for laser welding using a combination of (application specific) sensors in combination with intelligent and predictive control technologies for in-process monitoring and control to minimize/eliminate defects for a range of materials and geometries for both aerospace, automotive and other applications. The control system will include pre- and post-welding measurement as well as in-process monitoring, control and fault prevention / fixing. The project has 4 large, end-user partners - Rolls-Royce, Alstom, GKN and CRF (FIAT) therefore the impact of RADICLE is expected to be very large.

The overall impacts of successful implementation of the RADICLE technology through our consortium and the wider welding sectors will enable us to achieve the following impacts:
- Increased productivity of up to 30%, resulting in:
          - 30% reduced energy usage;
          - 30% reduced emissions;
- Eliminate the need for part scrappage or rework (up to 20%-30% of labour input);
- Reduction or removal of the need for final NDE testing of the parts;
- Remove need for large enclosed remote welding rooms (~35% floor space reduction);
- Increase health and safety benefits;

In addition, RADICLE will contribute to the wider Europe 2020 targets, through:
- Increased employment of 20-64 year-olds;
- Increased R&amp;D spending;
- Reduced energy usage and greenhouse gas emissions;
- Increased education, especially at third level education;</objective>
  <title>Real-time dynamic control system for laser welding</title>
<identifier>H2020FoF2014</identifier>
</project>
