<?xml version="1.0" encoding="UTF-8"?>
<project xmlns="http://cordis.europa.eu">
  <rcn>193233</rcn>
  <acronym>ULTIMATE</acronym>
  <objective>With the ULTIMATE project five experienced research groups and four major European engine manufacturers will develop innovative propulsion systems to fulfill the SRIA 2050 key challenges. One of the most challenging targets is the 75% reduction in energy consumption and CO2-emissions. Technologies currently at TRL 3-5, cannot achieve this aim. It is estimated that around a 30% reduction must come from radical innovations now being at lower TRL. Thus, European industry needs synergetic breakthrough technologies for every part of the air transport system, including the airframe, propulsion and power. 

The ULTIMATE project singles out the major loss sources in a state of the art turbofan (combustor irreversibility, core exhaust heat, bypass exhaust kinetic energy). These are then used to categorize breakthrough technologies (e.g. piston topping, intercooling &amp; exhaust heat exchangers, and advanced propulsor &amp; integration concepts). This classification approach gives a structured way to combine and explore synergies between the technologies in the search for ultralow CO2, NOx and noise emissions. The most promising combinations of radical technologies will then be developed for a short range European and a long range intercontinental advanced tube and wing aircraft.

Through the EU projects VITAL, NEWAC, DREAM, LEMCOTEC, E-BREAK and ENOVAL, the ULTIMATE partners have gained the most comprehensive experience in Europe on conception and evaluation of advanced aero engine architectures. Existing tools, knowledge and models will be used to perform optimization and evaluation against the SRIA targets to mature the technologies to TRL 2. Road maps will be set up to outline the steps to develop the technologies into products and bring them onto the market. These road maps will also provide a way forward for future European propulsion and aviation research.</objective>
  <title>Ultra Low emission Technology Innovations for Mid-century Aircraft Turbine Engines</title>
<identifier>H2020MG2014TwoStages</identifier>
</project>
