<?xml version="1.0" encoding="UTF-8"?>
<project xmlns="http://cordis.europa.eu">
  <rcn>193255</rcn>
  <acronym>DIAGORAS</acronym>
  <objective>The project aims at diagnosing oral and respiratory tract infections (RTIs) using a fully integrated, automated and user-friendly platform for physicians’ offices, schools, elderly care units, community settings, etc. Oral diseases (periodontitis, caries) will be detected via multiplexed, quantitative analysis of salivary markers (bacterial DNA and host response proteins) for early prevention and personalized monitoring. RTIs (e.g., tonsillitis, pharyngitis, rhinitis, sinusitis) will be diagnosed by means of DNA/RNA differentiation so as to identify their bacterial vs viral nature. Together with antibiotic resistance screening on the same platform, a more efficient treatment management is expected at the point-of-care. High impact is expected on socioeconomic level too, as the healthcare system is expected to benefit from: less crowded hospitals (patients find equally efficient chair-side diagnosis); less budget spent on excessive antibiotics and progressed-stage disease treatments; less insurance costs for oral diseases, which are largely age-related. At the heart of DIAGORAS lies a centrifugal microfluidic platform (LabDisk and associated reader) integrating all components and assays for a fully-automated analysis: interface of the collection tube with the disposable disc; on-disc sample preparation (nucleic acid extraction and purification with pre-stored buffers); amplification &amp; detection (rapid PCR); protein isolation and detection (bead-based multiplexed immunoassays); microarray-based antibiotic screening. Low-cost disposable fabrication (microthermoforming of polymer foils) will render the platform batch-producible and affordable to end users. The entire setup will be validated at clinical settings and compared with gold standards (e.g., tissue extraction and culture methods). The modular nature of the platform, the non-invasive sampling, the rapid and multiplexed molecular-based detection, and the sample-to-answer analysis are DIAGORAS innovative features.</objective>
  <title>Chair/bedside diagnosis of oral and respiratory tract infections, and identification of antibiotic resistances for personalised monitoring and treatment</title>
<identifier>H2020PHC2014twostage</identifier>
</project>
