<?xml version="1.0" encoding="UTF-8"?>
<project xmlns="http://cordis.europa.eu">
  <rcn>193388</rcn>
  <acronym>AMANAC</acronym>
  <objective>AMANAC targets to create an effective and long lasting collaboration and coordination platform within the EeB-PPP Advanced Materials and Nanotechnology projects, whose activities address development of (nano)materials, components and systems for the improvement of energy efficiency in buildings. The CSA aims to maximize the impact of the participating projects towards the European Industry and Society and support the objectives established by the EC and the EeB-PPP, in terms of Energy Efficiency in buildings.
AMANAC exploits experience gained through clustering of Nanotechnology-EeB projects and extends the scope to include running FP7 and future H2020 projects of the Advanced Materials domain. It currently represents 26 projects and broadens their field of activities in a self-sustaining way.
The Core Objectives and the resulting Action Plan develop around four pillars:
• Collaboration Activities aiming to i) support the achievement of Cluster-project technical and non-technical goals; ii) enhance the impact of such developments during and beyond the project life-time; 
• Awareness-raising and Networking: Increase the visibility and impact of the Cluster projects and their related research achievements towards industry, construction stakeholders and relevant EU contractual bodies, such as the ECTP, the E2BA, ECCREDI etc., establishing appropriate network and alliances with such organizations.
• Exploitation: Strengthen the role of involved industrial partners, especially SMEs, for speeding up the exploitation of the research results coming from the Cluster projects. Support the identification of new technology and market needs and trends.
• Coordination and Support services: Create Cluster committees and bodies and publicity material to ensure continuation of activities after the end of the CSA and will attract future H2020 projects.</objective>
  <title>Advanced Material And NAnotechnology Cluster</title>
<identifier>H2020EeB2014</identifier>
</project>
