<?xml version="1.0" encoding="UTF-8"?>
<project xmlns="http://cordis.europa.eu">
  <rcn>193268</rcn>
  <acronym>PHOCNOSIS</acronym>
  <objective>The PHOCNOSIS project aims at the development and the preclinical validation of a nanotechnology-based handheld point-of-care testing (POCT) analysis device for its application in the early diagnosis of cardiovascular diseases (CVD). The diagnosis will be carried out by means of the fast (&lt;10 minutes), ultra-sensitive (&lt;1 ng/L) and label-free detection of multiple cardiac biomarkers, using a small volume of whole blood (&lt;100 μL). This POCT analysis device will significantly help in the implementation of mass screening programs, with the consequent impact on clinical management, reducing also costs of treatments, and increasing survival rates.
The PHOCNOSIS analysis device will be based on two state-of-the-art technological elements in order to obtain a compact and highly sensitive final device. First, an integrated micro-/nanofluidic system will be used for biomarkers separation, purification and concentration, targeting an effective concentration increase by a factor greater than 1000x for the targeted biomarkers. Then, the concentrated biomarkers will be detected using a novel nanophotonic-based sensing technique, envisaging a final combined detection limit below 1 ng/L. This novel sensing technique allows us to obtain systems which are low-cost, compact and with a lower complexity, thus making them suitable for the development of portable devices for POCT. The PHOCNOSIS project will target the deployment of disposable biochips with an envisaged cost below €3 to be used in a handheld analysis device with an envisaged cost below €3000.
Special attention will be paid within the PHOCNOSIS project to explore the potential deployment and commercialisation of the analysis device, by means of the involvement of relevant academic and industrial partners, as well as end users.</objective>
  <title>Advanced nanophotonic point-of-care analysis device for fast and early diagnosis of cardiovascular diseases</title>
<identifier>H2020PHC2014twostage</identifier>
</project>
