<?xml version="1.0" encoding="UTF-8"?>
<project xmlns="http://cordis.europa.eu">
  <rcn>193382</rcn>
  <acronym>I2MPECT</acronym>
  <objective>Increasingly demanding requirements in the transportation industry for higher efficiency and reduced carbon footprint are leading to an ever increasing interest in electrically operated drives which offer significant benefits over their pneumatic or hydraulic counterparts. More electric aircraft technologies with fully electrical actuation and environmental conditioning systems are moving from topics of academic interest to commercial applications. 
Despite the progress in power electronics and electrical drives, significant advances in power density and reliability are still required before electrical technologies are fully accepted in the aircraft industry. The thermal management of losses generated in the power converters, with the associated requirements for heavy cooling systems, is proving to be the stumbling block for further improvements in power density. 
Ground-breaking advances in wide band-gap semiconductor materials are promising to deliver significant benefits to power conversion systems with unprecedented levels of power density thanks to considerably reduced losses and high temperature operation, making them ideal building blocks for aerospace power electronics. 
Leveraging on some of EU best expertise in device manufacture and packaging, components integration, thermal management, converters design, reliability analysis, control and condition monitoring, as well as aircraft power systems, the proposal will demonstrate significant advances of the state of the art in power converters for harsh environments. Innovative 3D device packaging based on planar interconnect technologies with double-sided integrated cooling, will be demonstrated for wide band-gap wire-bond free power semiconductor devices. These technological breakthroughs, coupled with novel methodologies for active thermal management, lifetime testing, health management and prognosis will contribute to unprecedented levels of power density, efficiency and reliability in aerospace application.</objective>
  <title>Integrated, Intelligent modular power electronic converter</title>
<identifier>H2020MG2014TwoStages</identifier>
</project>
