<?xml version="1.0" encoding="UTF-8"?>
<project xmlns="http://cordis.europa.eu">
  <rcn>193443</rcn>
  <acronym>iCspec</acronym>
  <objective>Real-time measurements of multi-components in process streams respond to long demanded industry requirements of fast, accurate, reliable and economical process analyzers. The rise of such  -yet unavailable– systems will lead to a paradigm change throughout the process control and production chain. Significant cost savings from the Total-Cost-of-Ownership to improved process efficiency will result. We focus on the development of compact, robust and maintenance-free sensors for fast in-line multi-species chemical composition measurements for process analytics of many technically relevant gases such as hydrocarbons. The projected sensors will replace state-of-the-art systems of elevated cost and pollution. We will extend established laser-based in-line gas sensing to the mid-infrared “chemical fingerprint” spectral range for multi-species detection. The developments base upon two key technologies: (1) The integration of mid-IR laser arrays and (2) the advancement of spectroscopic and chemometric data evaluation. Tasks performed today with extractive systems with a delayed response of several minutes will become available within seconds and negligible delay. Demonstrators will be integrated in the control loop of a petro-chemical plant allowing significant improvements as optimized product quality, minimized waste and thus less environmental pollution and increased safety in cases where hazardous conditions have to be detected without delay.
The consortium represents the whole value added chain with major players in the field of mid-IR laser sources and their integration (nanoplus, III-V Lab), as well as a major player in the field of process analyzing equipment (Siemens AG). The contributions of scientifically established universities and institutes (CEA Leti, Universität Würzburg and Politechnika Wroclawska) and one SME (Airoptic) complete together with a prominent representative of the petrochemical industry (PREEM AB) as end user the consortium.</objective>
  <title>in-line Cascade laser spectrometer for process control</title>
<identifier>H2020SPIRE2014</identifier>
</project>
