<?xml version="1.0" encoding="UTF-8"?>
<project xmlns="http://cordis.europa.eu">
  <rcn>193343</rcn>
  <acronym>HIPSTER</acronym>
  <objective>High pressure and temperature (HPT) processing is a candidate technology for commercial food processing to obtain safer, high quality food products with extended shelf life, both chilled and shelf stable. Although it is accepted that HPT is environmentally friendly and can help to retain the fresh-like characteristics of foods better than conventional and other novel treatments, it has not yet been scaled-up and fully implemented into the food industry due to two major reasons:
• The lack of knowledge on the inactivation mechanisms and decision making tools enabling food industry to apply and control suitable treatments. In addition, its added value (best quality product) compared to current treatments must be demonstrated
• The unavailability of suitable industrial equipment and process parameters control tools. 
HIPSTER addresses the main barriers preventing the first market introduction and full deployment of HPT. The overall objective of the project is to develop and demonstrate fit for use knowledge, tools and industrial equipments in order to effectively implement this milder processing technology in the food industry. Specific objectives:
- Development of affordable equipment at industrial scale suitable for the implementation of high pressure-temperature (HPT) processing
- Definition of minimum process variables by means of the evaluation of microbiological risks for the main pathogenic and spoilage microorganisms of concern. A public database containing microbial kinetic parameters, determined under well-defined processing conditions will be generated. The database will include new knowledge and data already available.
- Verification and validation of the solutions in an industrial environment, including compliance with legal requirements, economic feasibility, and sustainability
HIPSTER will be implemented by an industry-driven consortium comprising 5 industries (both technology providers and end-users) and 4 RTD organisations.</objective>
  <title>Deployment of high pressure and temperature food processing for sustainable, safe and nutritious foods with fresh-like quality</title>
<identifier>H2020SFS20142</identifier>
</project>
