<?xml version="1.0" encoding="UTF-8"?>
<project xmlns="http://cordis.europa.eu">
  <rcn>193246</rcn>
  <acronym>APERIM</acronym>
  <objective>Cancer treatment platforms that involve the use of the adaptive immune system have demonstrated profound tumour regressions including complete cure. Importantly, technological advances in next-generation sequencing (NGS) allow for the first time the development of personalised cancer immunotherapies that target patient specific mutations. However, clinical application is currently hampered by specific bottlenecks in bioinformatics, which we aim to address in this proposal. 

The overall objective of our trans-disciplinary network of leading experts in bioinformatics and cancer immunology is to develop an Advanced bioinformatics platform for PERrsonalised cancer IMmunotherapy (APERIM). Specifically we aim to develop: 

1) database for the integration of NGS data, images of whole tissue slides of tumour sections, and clinical data. To enhance the usability and the data sharing we will use semantic web technologies, and will provide standardised interfaces to a set of analytical tools. 

2) tools for automated quantification of tumour-infiltrating lymphocytes using whole tissue slide images and NGS data for patient stratification.

3) analytical pipeline for NGS-guided individualised cancer vaccines including crucial NGS data analysis and epitope selection components for the selection of vaccination targets.

4) a method for deriving T-cell receptor (TCR) sequences from NGS data and predicting TCR specificity.

We will achieve these aims using unique training and validation datasets available to the consortium. We will develop user-friendly software modules as well as analytical standard operating procedures for clinical use, and apply the bioinformatics platform in clinical settings. The bioinformatics platform will considerably accelerate the clinical translation and maximise the accessibility and utility of biomedical data in research and medicine.</objective>
  <title>APERIM: Advanced bioinformatics platform for PERsonalised cancer IMmunotherapy</title>
<identifier>H2020PHC2014twostage</identifier>
</project>
