<?xml version="1.0" encoding="UTF-8"?>
<project xmlns="http://cordis.europa.eu">
  <rcn>193323</rcn>
  <acronym>LANDMARK</acronym>
  <objective>LANDMARK is a pan-European multi-actor consortium of leading academic and applied research institutes, chambers of agriculture and policy makers that will develop a coherent framework for soil management aimed at sustainable food production across Europe.
The LANDMARK proposal builds on the concept that soils are a finite resource that provides a range of ecosystem services known as “soil functions”. Functions relating to agriculture include: primary productivity, water regulation &amp; purification, carbon-sequestration &amp; regulation, habitat for biodiversity and nutrient provision &amp; cycling. Trade-offs between these functions may occur: for example, management aimed at maximising primary production may inadvertently affect the ‘water purification’ or ‘habitat’ functions. This has led to conflicting management recommendations and policy initiatives. There is now an urgent need to develop a coherent scientific and practical framework for the sustainable management of soils.
LANDMARK will uniquely respond to the breadth of this challenge by delivering (through multi-actor development):
1. LOCAL SCALE: A toolkit for farmers with cost-effective, practical measures for sustainable (and context specific) soil management.
2. REGIONAL SCALE - A blueprint for a soil monitoring scheme, using harmonised indicators: this will facilitate the assessment of soil functions for different soil types and land-uses for all major EU climatic zones.
3. EU SCALE – An assessment of EU policy instruments for incentivising sustainable land management.
There have been many individual research initiatives that either address the management &amp; assessment of individual soil functions, or address multiple soil functions, but only at local scales. LANDMARK will build on these existing R&amp;D initiatives: the consortium partners bring together a wide range of significant national and EU datasets, with the ambition of developing an interdisciplinary scientific framework for sustainable soil management.</objective>
  <title>LAND Management: Assessment, Research, Knowledge base</title>
<identifier>H2020SFS20142</identifier>
</project>
