<?xml version="1.0" encoding="UTF-8"?>
<project xmlns="http://cordis.europa.eu">
  <rcn>193177</rcn>
  <acronym>Light Night</acronym>
  <objective>The 20th Century was characterised by a tremendous growth in our capability to develop ever more sophisticated electronic devices, which have fundamentally transformed the way society functions. We now sit on the threshold of a similar revolution due to developments in photonics, which seeks to exploit the photon – the elementary particle of light – in the same way that electronics is ultimately concerned with controlling the electron.
Photonics has been identified as a “Key Enabling Technology” by the European Commission. Within Europe there are over 5,000 photonics based small companies and the sector employs nearly 300,000 people. In addition to forming the backbone of the Internet, the technology is already starting to revolutionise manufacturing, healthcare, lighting, displays and sensing.
This proposed Researcher Night – Light Night - will coincide with the UNESCO Year of Light 2015, it will bring together the Aston Institute of Photonics Technology (AIPT), Aston University, with the Library of Birmingham and Community Arts Group, the Flatpack Film Festival, to deliver an afternoon and evening of public engaging content, informed by EC funded research, to raise the enormous importance of photonics research to local schools, community groups and library visitors.
Light Night is designed to engage adults and young people in a programme which enables them to identify the importance of light to their lives, and experiment in light based activities. The Night will end with a performance by international sound electronic music artist Pantha du Prince, who will perform his most recent album Elements of Light at the Birmingham Symphony Hall.</objective>
  <title>Light Night</title>
<identifier>H2020MSCANIGHT2014</identifier>
</project>
