<?xml version="1.0" encoding="UTF-8"?>
<project xmlns="http://cordis.europa.eu">
  <rcn>193329</rcn>
  <acronym>BRIDGES</acronym>
  <objective>BRIDGES (Bringing together Research and Industry for the Development of Glider Environmental Services) will provide a necessary tool for further understanding, improved monitoring, and responsible exploitation of the marine environment while assuring its long-term preservation.  This new tool, a robust, cost-effective, re-locatable, versatile and easily-deployed ocean glider, will support autonomous, long-term in-situ exploration of the deep ocean  at large spatio-temporal scales. The sole European underwater glider: SeaExplorer will be modularized, new sensors will be developed, and the operational methodology will be modified, such that new horizons of service will be opened. It will be improved by: 1) adapting for deep basins (up to 5000 m), 2) implementing a novel payload architecture to increase autonomy and to accommodate the range of sensing capabilities needed, and 3) integrating the associated control support system for single and networked operations (mission behaviour, data management, planning, communications). The glider’s sensing capabilities will be enhanced. The main modules are planned for: 1) environmental monitoring for facilitating the effective implementation of an ecosystem-based management under the Marine Strategy Framework Directive, 2) the oil and gas industry, and 3) the deep sea mining industry. In order to achieve the technological objectives and meet service requirements, an open dialogue between stakeholders will be developed. The basic premises of the present call “Delivering sub-sea technologies for new services at sea-BG-06-2014,” are answered thoroughly: the ability to execute unmanned underwater operations, to operate in the deep ocean, and to assess the environmental impact of the maritime economy. In addition, this project will realize and promote the creation of collaborations among sensor and platform manufacturers, oil and gas and mining companies, public health and safety departments, and scientific and engineering experts.</objective>
  <title>Bringing together Research and Industry for the Development of Glider Environmental Services</title>
<identifier>H2020BG20142</identifier>
</project>
