<?xml version="1.0" encoding="UTF-8"?>
<project xmlns="http://cordis.europa.eu">
  <rcn>193361</rcn>
  <acronym>PRISM</acronym>
  <objective>Crystallization of water into ice is lethal to most organisms and detrimental to many soft materials. Freeze-tolerant fish living in polar seas evolved to tackle this problem with an unusual coping strategy. They produce ‘antifreeze’ proteins that block the growth of nascent ice crystals within a narrow temperature range known as the ‘thermal hysteresis gap’ enabling survival under extreme conditions. Encoding this functionality into synthetic polymers would open up new avenues in biomedicine, agrifood and materials science for e.g. cryopreservation, crop hardiness, ice-templating, dispersion stability, and advanced coatings. Progress requires a profound understanding of the mechanism of non-colligative freezing point depression at the molecular level and allows for efficient strategies for the design and preparation of powerful macromolecular antifreezes.

I propose to unravel how antifreeze proteins work and to build upon these insights to explore effective routes towards ice-binding polymers aiming to make sensitive soft materials freeze-resistant. Within this challenge we first focus on single-molecule experiments to visualize bound proteins and study the strength of the non-covalent interaction with ice. We will study if and when adsorption on ‘foreign’ interfaces and solution assembly impact activity. These fundamental insights will guide our research towards synthetic antifreeze agents with superior functionality to achieve record supercooling in complex environments. This knowledge-based design of polymers with high affinity for crystalline interfaces holds great promise for many areas of science and technology in which crystallization plays a decisive role.</objective>
  <title>Ice-binding proteins: from antifreeze mechanism to resistant soft materials</title>
<identifier>ERC2014STG</identifier>
</project>
