<?xml version="1.0" encoding="UTF-8"?>
<project xmlns="http://cordis.europa.eu">
  <rcn>193164</rcn>
  <acronym>UPWARDS</acronym>
  <objective>The goals of the UPWARDS project match the topics, challenges and scope of the Compet-8-2014 call. UPWARDS has as its overarching objective the revision and exploitation of data from the European Mars Express (MEx) mission as well as other Martian missions using a synergistic combination of state-of-the-art atmospheric/subsurface models and novel retrieval tools. UPWARDS will 1) address major open science questions which require an integrated understanding of the Mars coupled system from the subsurface to the upper atmosphere; 2) prepare for ExoMars 2016 Trace Gas Orbiter data analysis and exploitation; and 3) deliver enhanced scientific context and datasets for ExoMars 2018 Rover operations and future missions.
The UPWARDS Consortium undertake five grand science themes which challenge our current understanding of the complex couplings of the Mars’ climate: 1) exchange of trace species between subsurface &amp; atmosphere; 2) global cycle of Martian water; 3) surface properties and behaviour of suspended aerosols and dust storms; 4) drastic changes at the day/night terminator; 5) coupling of the lower and upper atmosphere and escape to space. All topics are addressed by experts in the field, exchanging results and knowledge in a truly synergistic and interdisciplinary collaboration. All topics share a common methodology and work flow: 1) compilation of new or unexploited data from MEx; 2) generation of added-value products with new/validated tools developed in the Consortium; 3) analysis and combination of the results with state-of-the-art models. Included is a novel data-assimilation devoted to supply as an end-product, the first of its-kind 4-D (x,y,z,t) database for ExoMars and beyond.
The dissemination of UPWARDS high-level data products and the outreach activities by the scientists who produce them, will pave the way for establishing a long-term competency in Martian research at a global recognized level, and breed a new generation of European scientists.</objective>
  <title>Understanding Planet Mars With Advanced Remote-sensing Datasets and Synergistic Studies</title>
<identifier>H2020COMPET2014</identifier>
</project>
