<?xml version="1.0" encoding="UTF-8"?>
<project xmlns="http://cordis.europa.eu">
  <rcn>193198</rcn>
  <acronym>Science in the City</acronym>
  <objective>Science in the City (SitC) is a nationwide festival that marries science to art to showcase Maltese researchers and their work. We place researchers on centre stage at every single activity to show the public how researchers’ work positively affects society and our daily lives. It will help change current stereotype around scientists and promote gender balance. Each activity is created around the values that science is fun, interesting, inclusive and can provide an extremely rewarding career.

The activities will fill Valletta, Malta’s Capital City, with the wonders of science in a highly fascinating, innovative and interactive way. The University of Malta will lead a unique and efficient consortium of beneficiaries and partners to make ERN 2014 and 2015 two entertaining and memorable events. Through a comprehensive awareness campaign we will reach over 300,000 people to attract 20,000 (c. 5%) people in 2014 and 25,000 (c. 6%) people in 2015.

As a UNESCO world heritage site, Valletta is a magnificent backdrop. Over 35 activities will run in the streets and buildings from City Gate to the heart of Valletta, Pjazza San Gorg and the Magisterial Palace of the Knights of Malta. From ancient gardens to restored squares, the public can easily visit all activities on foot.

SitC will emphasise the relevance of science and research to everyday life, attuned to Maltese culture. Arts and cultural activities will be performed to communicate science. Researchers will be present in all activities. Over 80 researchers (~16% of total researchers in Malta) are involved in SitC.

The schedule is highly dynamic having a general appeal. To encourage science career uptake, activities include hands on experiments, art installations, science activities, bird tracking and games aimed at very young kids. To attract youths we are running film festivals, stand-up comedy, science dances, science cafés and gaming areas. All activities appeal to the whole family to make ERN truly memorable.</objective>
  <title>Science in the City</title>
<identifier>H2020MSCANIGHT2014</identifier>
</project>
