<?xml version="1.0" encoding="UTF-8"?>
<project xmlns="http://cordis.europa.eu">
  <rcn>193439</rcn>
  <acronym>COMBILASER</acronym>
  <objective>The continuous growth of laser-based manufacturing processes has allowed the introduction of many new applications in different industries during last years.  This advance has brought many advantages in terms of parts complexity, required resources (human and material) or environmental impact. On the other side, parts manufacturing through laser based processes require specific designs/adjustments for each one of the applications (this delays considerably the time-to-market of new products). This means that a more holistic approach will be desirable in the following years in order to meet rapidly-changing market requirements. In addition to this fact, productivity will always be a great concern for European companies. The aspects that restrict process productivity are linked to non-productive intervals, such as scrap generation, defective parts manufacturing or pores/cracks appearance that make parts useless. In this environment, the use of easily controllable manufacturing processes is mandatory in order to increase process productivity and reduce the time-to-market while keeping or increasing final quality of manufactured products. Laser processes have the main advantage of being controllable processes, additionally to being fast and accurate processes, allowing precise actuation over the equipment parameters that directly can be translated in a change of the physical parameters, those that affect to the final quality of manufactured parts. Both laser welding and cladding rely on the same physical process of material melting. Therefore, all of them have common problems. In order to overcome undesirable situations, new strategies need to be developed which will be based on two different main branches, all of them under zero defects manufacturing philosophy: 1) Monitoring, and 2) NDT solutions. The objective of COMBILASER is the combination of these two worlds through a self-learning system.</objective>
  <title>COMbination of non-contact, high speed monitoring and non-destructive techniques applicable to LASER Based Manufacturing through a self-learning system</title>
<identifier>H2020FoF2014</identifier>
</project>
