<?xml version="1.0" encoding="UTF-8"?>
<project xmlns="http://cordis.europa.eu">
  <rcn>193512</rcn>
  <acronym>GOTOFLY</acronym>
  <objective>GOTOFLY! project aims first at building a wide portfolio of solutions and opportunities for the In-Orbit Demonstration and Validation of European satellite technologies and products, that are under development in Europe with the support of the EU, ESA, and national Space Agencies. Then we will design technically and programmatically several IOD/IOV missions from the portfolio, suitable to the Horizon 2020 context. Lastly, the GOTOFLY! project will promote its results among the stakeholders of the European Space sector.
.
Therefore, the GOTOFLY! project gathers a teams of 5 enterprises of the European Space industry coming from 4 different countries: 
- 3 national branches of Thales Alenia Space (TAS) in France, Italy and Spain. TAS is a major satellites manufacturer and a leading player in the field of the Space R&amp;D. It knows accurately the constraints for launching various satellites, then in-flight monitoring  payload parts
- Sea &amp; Space Exploration in Belgium, an independent expert in analysing market trends and opportunities of the IC Technologies and satellite communication business
- NovaNano, a French SME developing IOD/IOV low-cost solutions based on nanosatellites.
.
As a coordination action within H2020 programme, the GOTOFLY! Project proposes:
- to set-up a panorama of technologies and products that are of high interest for supporting new satcom applications &amp; services, and for strengthening the competiveness and independence of the European space Industry.
- to catalogue the potentials IOD/IOV ‘carriers’ able to host these technologies &amp;  products and to identify the launch opportunities: from nanosatellites to big GEO ones (which can merge a commercial mission with an experimental payload as a passenger)
- to select a set of IOD/IOV scenarios from the portfolio and to design these IOV/IOD missions on both technical and programmatic aspects, including the funding strategy. 
- and finally to recommend to Europe the best IOD/IOV for next H2020 phases.</objective>
  <title>Boosting the European Innovative Satellite Technologies with In-Orbit Demonstrations</title>
<identifier>H2020COMPET2014</identifier>
</project>
