<?xml version="1.0" encoding="UTF-8"?>
<project xmlns="http://cordis.europa.eu">
  <rcn>193332</rcn>
  <acronym>i3-Food</acronym>
  <objective>The main objective of i³-Food is the implementation of 3 prioritised innovative food processing technologies by validation of optimum process control under industrial conditions: 1. Pulsed Electric Field preservation (PEF-P) of liquid food products (TRL 7-8); 2.High pressure thermal sterilization (HPTS) (TRL 6-7) and 3. Low shear extrusion of cold food products (TRL 6). A congeneric set of both technical (missing online sensors) and process conditioned bottlenecks (missing application of HACCP concept) does exist which hinders their uptake by industry and in the market. Therefore, optimum process control will be achieved in i³-Food leading to application under real life operating conditions by demonstrating and piloting in a near to operational environment of applicable validation systems for each technology. 6 well selected industry partners, thereof 4 SMEs, strongly support the approach and contribute as technology provider or technology applicant. For rapid and easy market uptake an analysis of the innovation environment and identification of opportunities will be performed (phase 1) as well as road-mapping for market penetration per technology (phase 2). This integrated approach will provide maximal synergies in between the 3 technologies. Application opportunities beyond the known use cases will be explored. A scientific and cutting edge strategy for overcoming the market barriers ensuring rapid and maximum market uptake will be defined. A clear description of possible applications and potential benefits will serve as an excellent basis for the dissemination activities. i³-Food will extremely benefit from results of national, trans-national and European projects. S&amp;T project partners of i³-Food have outstanding expertise in the field of PEF, high pressure and extrusion application as well as high competences in system and innovation research. Thus, the multidisciplinary endeavor will connect and amplify the EU strengths in advanced technologies research.</objective>
  <title>Process integration for rapid implementation of sustainable innovative food processing</title>
<identifier>H2020SFS20142</identifier>
</project>
