<?xml version="1.0" encoding="UTF-8"?>
<project xmlns="http://cordis.europa.eu">
  <rcn>193396</rcn>
  <acronym>PASSME</acronym>
  <objective>PASSME aims to deliver industry-driven, passenger-centric novel solutions (up to TRL6) for passengers, airports and airlines to address the anticipated increase in demand for commercial flights in Europe by 2050. The goal is to reduce travel time by at least 60 minutes by integrating information between all stakeholders and transforming airport and aircraft operations and interiors to make the passenger journey time efficient, seamless, robust and accessible. This requires significant breakthrough solutions, such as: a real-time passenger-centric system for managing passenger flows that use input from the airport and passenger to provide predictive analytics on passenger flows 20-30 minutes ahead of time; a passenger independent system for managing luggage flows that reduce the time in arrival/departure airports by at least 30 minutes and increases the control passengers have over their luggage; radically redesigned passenger-centric airport and airplane processes and facilities that enable highly personalised and less stressful experience through key touch points (check-in and boarding); and a personalised device and smartphone application that measures physiological/psychological state and links with airport/airline services to provide relevant and timely information to support the passenger in decision-making. The research institutes (TUD, UNott, ICCS, TUHH, NLR, DLR) with interior design partners (Alma, Optimares) and communication experts (CARR) will work closely with Amsterdam and Hamburg airport clusters and KLM airlines to drive the user-centred design and evaluation methodology; to ensure the success of the solutions and that benefits will be shared with passengers, airlines and airports to have the necessary impact on the air transport system. Linking with the Airport Council International Europe (a selection of the 450 airports) and airport service SMEs will guarantee the results will have the maximum dissemination and exploitation across EU industries.</objective>
  <title>Personalised Airport Systems for Seamless Mobility and Experience</title>
<identifier>H2020MG2014TwoStages</identifier>
</project>
