<?xml version="1.0" encoding="UTF-8"?>
<project xmlns="http://cordis.europa.eu">
  <rcn>193264</rcn>
  <acronym>ImmunoAgeing</acronym>
  <objective>Age-related changes in the immune system, also known as ‘immunosenescence’, have a huge detrimental impact on the health of our ageing populations. However, the extent and mechanisms of the changes, and thus possible routes to prevention or alleviation, are largely unknown. We propose to analyse immunosenescence with unprecedented resolution by determining in large cohorts of volunteers the changes with age in circulating levels of ~140 subtypes of immune system cells and ~25 immune molecules, including cytokines and antibodies. We will also quantify age-related immune dysfunction, and notably autoreactivity, by determining the specificity and level of key circulating autoantibodies and their correlation with contractions in the B &amp; T cell repertoire in our large general population ageing cohorts. Underlying genetic and major environmental factors -- including life style choices like smoking, diet, alcohol intake and, physical activity as well as transmissible viral infections -- will be systematically analysed. The analyses will build on our studies on levels of immune system cell subsets and inflammatory biomarkers in genetically well characterized population cohorts, and will be followed up by examining sorted circulating cells for ageing-related shifts in transcriptional profiles and function. For these targetted experiments, our focus,will be on cell types that show the greatest changes with age and/or are most critical for immune responsiveness; and from volunteers selected based on their genetic and epidemiological exposure profiles. Studies will be facilitated by complementary expertise of the participating centres, capitalising on unique bioresources. Overall, the advances in knowledge should better elucidate pathways of immunosenescence, reveal new biomarkers for early diagnosis of immune dysfunction, and point to target cells and molecules that can be supplemented or activated for eventual prevention or alleviation of ageing-related immune dysfunction.</objective>
  <title>An integrated approach to dissect determinants, risk factors and pathways of ageing of the immune system.</title>
<identifier>H2020PHC2014twostage</identifier>
</project>
