<?xml version="1.0" encoding="UTF-8"?>
<project xmlns="http://cordis.europa.eu">
  <rcn>193470</rcn>
  <acronym>Co-FACTOR</acronym>
  <objective>Co-FACTOR aims at speeding-up the industrial up-take of results of the FoF projects  I-Ramp3, ReBORN, SelSus, T-Rex, INTEFIX and Power-OM , whose common topic centers around “smart components”. While the prime focus is on gaining benefit for these projects, the proposed measures also seek to link with program level initiatives in a complementary way.  Positioning these projects in the core of a larger cluster set-up involving related initiatives as well as the entire stakeholder panorama of the field, Co-FACTOR pursues the 5 major ambitions:
Cooperate: establish close partnership among the core cluster to give better visibility to those high-level performing projects among industry, scientific community and policy makers.
Communicate: present and promote as a cluster the involved projects and their approaches and achievements among the full range of potential stakeholders as well as public groups and students. Further, to stimulate coherence among “smart components players”.
Converge: leverage the impact of the projects by focusing on the cross-cutting issue „smart components“ and assessing reliable and interoperable solutions and standardization opportunities.
Connect: facilitate the immediate or short-term exploitation of project results in industrial settings creating a win-win-situation for the technology „push“ and „pull“ site.
Consolidate: analyze remaining bottlenecks for „smart components technology“ deployment to formulate thoughtful recommendations for future actions and political framework programs.
Co-FACTOR proposes a set of measures spanning from technology assessment, match making among providers and end-user, propelling last-mile exploitation efforts by innovation management and funding outlook, expert workshops, link to research community and roadmapping to outline future R&amp;D&amp;I needs. These will be part of an extensive dissemination campaign featuring intense and strategic communication, organization of events and profound intra-cluster interaction</objective>
  <title>Cooperate, Communicate and Connect to boost smart Components for tomorrows Industry</title>
<identifier>H2020FoF2014</identifier>
</project>
