<?xml version="1.0" encoding="UTF-8"?>
<project xmlns="http://cordis.europa.eu">
  <rcn>193389</rcn>
  <acronym>EMPOWER</acronym>
  <objective>The main objective of EMPOWER is to substantially reduce the use of conventionally fueled vehicles (CFV) in cities by influencing the mobility behaviour of CFV drivers and users towards fundamental change. To achieve this objective EMPOWER will create a set of tools for industry, policy makers and employers. These will empower them beyond the lifespan of this project to understand, help choose and successfully implement ‘positive’ evidence-based and cost-effective policy interventions, based on new and innovative mobility services, and in the context of already existing infrastructure, policy and measures. EMPOWER will reduce the use of CFV by: shifting trips to other modes/other vehicle types, promoting sharing and self-organisation and reducing demand overall e.g. through remote access to services. Undesirable impacts from CFV use will be reduced by: shifting CFV use to outside peak times and diversions to avoid particular areas/routes. The research will be multidisciplinary and involve: social science research with the public, 4 living lab experiments and 7 City demonstrators which will be chosen through an open 'bidding' process. The EMPOWER concept will be used in practice by: City stakeholders being able (through a software tool) to choose positive policy options based on their expected impacts and deliver incentives and social network sharing schemes to individuals using software. The innovation outputs of EMPOWER include an EMPOWER Toolkit to support industry, policy makers and employers to understand, choose and implement positive policy interventions. The Toolkit includes: new mobility services to provide innovative positive policy measures, new evidence on behavioural responses and impacts from positive incentives, improved organisational models for successful implementation of positive policy measures and innovation in the evaluation methodology for new mobility services. We expect at least 1 million persons to be impacted by EMPOWER.</objective>
  <title>EMPOWERING a reduction in use of conventionally fueled vehicles using Positive Policy Measures.</title>
<identifier>H2020MG2014TwoStages</identifier>
</project>
