<?xml version="1.0" encoding="UTF-8"?>
<project xmlns="http://cordis.europa.eu">
  <rcn>193465</rcn>
  <acronym>SYMBIO-TIC</acronym>
  <objective>The European robotics industry is moving towards a new generation of robots, based on safety in the workplace and the ability to work alongside humans. This new generation is paramount to making the factories of the future more cost-effective and restoring the competitiveness of the European manufacturing industry. However, the European manufacturing industry is facing the following challenges: (1) lack of adaptability, (2) lack of flexibility, and (3) lack of vertical integration.

The proposed SYMBIO-TIC project addresses these important issues towards a safe, dynamic, intuitive and cost-effective working environment were immersive and symbiotic collaboration between human workers and robots can take place and bring significant benefits to robot-reluctant industries (where current tasks and processes are thought too complex to be automated). The benefits that the project can bring about include lower costs, increased safety, better working conditions and higher profitability through improved adaptability, flexibility, performance and seamless integration. 

This project is planned for 48 months with a consortium of 15 partners from 7 EU Member States.</objective>
  <title>Symbiotic Human-Robot Collaborative Assembly: Technologies, Innovations and Competitiveness</title>
<identifier>H2020FoF2014</identifier>
</project>
