<?xml version="1.0" encoding="UTF-8"?>
<project xmlns="http://cordis.europa.eu">
  <rcn>193393</rcn>
  <acronym>SatisFactory</acronym>
  <objective>Known as either "Industrial Revolution 4.0" or as "Industrial Renaissance", the need for new manufacturing approaches is widely accepted in the EU. SatisFactory aims to contribute to the transformation of traditional industrial environments using cutting-edge technologies in ways that are both productive and appealing to youth.
The fundamental component of the proposed system will be the assessment and storage of the explicit and tacit knowledge created on the shop floor by aggregating a set of heterogeneous smart devices and sensors (Linksmart/FIT, Smart Sensors/ISMB) and extracting context-aware information based on their measurements (Semantics Engine/EPFL). 
The distribution of this knowledge will be based on 3 important system tools. Firstly, a training platform will allow the fast and intuitive education of employees (R3Donline/Regola).
Secondly, a collaboration platform (CoSpaces/FIT) will stimulate and promote team interactions. Finally, ubiquitous user interfaces (BRIDGE/FIT) will support all employees seamlessly in real time and on the move.
SatisFactory will also utilise the aggregated knowledge in order to leverage the control and re-adaptation of facilities (mainDSS/ABE) and streamline the workload (Human Behavior Analysis/CERTH). In order to enhance working experience and thus increase the workplace attractiveness, augmented reality and gamification (CollabReview/FIT) approaches will be utilized. Additionally modern wearable devices (ISMB; Glasses/GlassUp) will allow the interaction of workers with the system without disrupting their workflow. 
All 12 foreseen products of SatisFactory will be deployed and evaluated in two industrial sites representing automotive industry (COMAU) and battery construction (SUNLIGHT). Validation will assess the impact and reveal the capabilities of SatisFactory towards the promotion of novel and viable business models for increased innovation potential, flexibility and productivity, while enhancing workplace attractiveness.</objective>
  <title>A collaborative and augmented-enabled ecosystem for increasing SATISfaction and working experience in smart FACTORY environments</title>
<identifier>H2020FoF2014</identifier>
</project>
