<?xml version="1.0" encoding="UTF-8"?>
<project xmlns="http://cordis.europa.eu">
  <rcn>193305</rcn>
  <acronym>ICare</acronym>
  <objective>The evidence base of Internet-based interventions in the prevention and treatment of mental health conditions has rapidly grown in the past decade. Yet many European countries (e.g., Germany, Austria, Switzerland, Great Britain, The Netherlands, Spain) have not implemented these promising approaches into health systems. Individuals with risk conditions or distinct mental health problems interested in using online interventions are often unable to access appropriate and evidence-based online interventions. 
The aim of this proposal is to establish a comprehensive model of health promotion, risk detection, disease prevention, and treatment facilitation for the most prevalent mental health problems and disorders (depression, anxiety, adjustment disorders, eating disorders/weight management and substance abuse) that assists individuals and mental health professionals in selecting and using evidence-based, online interventions. To reach this aim, the project partners bring together over 30 evidence-based, online interventions spanning the mental health intervention spectrum from universal and targeted prevention, self-help to treatment for the respective conditions applicable to children, adolescents and adults. Following a stakeholder needs survey, the model will be integrated into existing health care and other settings in Germany, Great Britain, Switzerland, Austria, The Netherlands, and Spain by 1. developing valid and economic, online screenings to allocate individuals to interventions, 2. developing technology for a common e-Health intervention platform, 3. developing implementation plans, 4.  implementing evidence-based interventions into health care, and 5. evaluating and comparing their feasibility, acceptability, reach, efficacy and (cost)-effectiveness, adoption, and dissemination including moderators of interventions. Our proposal aims at the sustained implementation of the ICare model into health services and collaborations with health care providers across different EU countries.</objective>
  <title>Integrating Technology into Mental Health Care Delivery in Europe</title>
<identifier>H2020PHC2014twostage</identifier>
</project>
