<?xml version="1.0" encoding="UTF-8"?>
<project xmlns="http://cordis.europa.eu">
  <rcn>193338</rcn>
  <acronym>LAkHsMI</acronym>
  <objective>LAkHsMI will develop a new bio-inspired technology to make continuous and cost-effective measurements of the near-field, large-scale hydrodynamic situation, for environmental monitoring in cabled ocean observatories, marine renewable energy and port/harbor security. We will design, manufacture, and field test prototype smart sensor cables that measure differential pressure and temperature on the ocean floor and enable high resolution imaging of the surrounding volume in space and time, is simple, inexpensive and has very low power consumption The cables can be connecting with existing cabled ocean observatories. The technology is inspired by the biophysics of fish hydrodynamic sensing. The technology is scalable from meters to possibly hundreds of kilometers and allows a high sampling frequency. LAkHsMI will also develop innovative methods for hydrodynamic imaging. It produces several continuous on-line information products for interdisciplinary oceanography and seismic geophysics but also for other applications including tracking fish and fish schools or (sub)surface traffic in harbours. Software interfaces developed in the course of the project will be integrated with existing observatory systems (such as EUROGOOS). LAkHsMI will design and implement the sensor cables on small large scales. Tests will be conducted in a tank, a pool, an in ocean observatory.</objective>
  <title>Sensors for LArge scale HydrodynaMic Imaging of ocean floor</title>
<identifier>H2020BG20142</identifier>
</project>
