<?xml version="1.0" encoding="UTF-8"?>
<project xmlns="http://cordis.europa.eu">
  <rcn>193285</rcn>
  <acronym>PoC-ID</acronym>
  <objective>The aim of the PoC-ID project is to develop new micro- and nanoelectronic-based sensing and integration concepts for advanced miniaturised in vitro diagnostic devices. The project addresses the increasing demand for rapid and ultra-sensitive point-of-care diagnostics to reduce healthcare costs and increase the quality of life with a focus on infectious diseases, one of the world’s leading causes of morbidity and death. Interdisciplinary collaboration using the technology and expertise of the consortium members will be applied to develop and test a breakthrough PoC prototype for the diagnosis of respiratory syncytial virus infections and host responses in the paediatric context.  PoC-ID will enable new types of point-of-care diagnostics for virtually any type of complex liquid sample. Applications are disease diagnosis, monitoring of therapeutic responses, clinical research of pathogen-host interaction and personalised medicine. The platform technology can easily be adapted to a variety of diagnostic or biosensing purposes, such as in health/environmental monitoring or food quality testing.  PoC-ID will combine the detection of both pathogens and host responses leading to more accurate diagnosis as compared to the current standard which is focused on detection of pathogens only. This novel approach will support prevention and control of pathogen spread and enable faster and more personalised patient treatment. Improved performance in terms of robustness, sensitivity and selectivity will be reached by a combination of innovative nanomembrane technology, molecular engineered capture molecules and two novel sensing concepts.  Further advances will be realised in terms of usability and speed of data-analysis arising from the integration of sensors, read-out electronics and microfluidics into one user friendly point-of-care (PoC) platform. Costs of the new disposable sensors will be ultra-low at high volumes, thanks to designing into microelectronics production flows.</objective>
  <title>Platform for ultra-sensitive Point-of-Care diagnostics for Infectious Diseases</title>
<identifier>H2020PHC2014twostage</identifier>
</project>
