<?xml version="1.0" encoding="UTF-8"?>
<project xmlns="http://cordis.europa.eu">
  <rcn>193369</rcn>
  <acronym>AEROGUST</acronym>
  <objective>Encounters with atmospheric turbulence are a vitally important in the design and certification of many manmade structures such as aircraft and wind turbines. Gusts cause rapid changes in the flow about the structures which leads to rigid and flexible unsteady responses. Knowledge of aircraft/gust interactions is therefore vital for loads estimation during aircraft design as it impacts on control systems and often defines the maximum loads that these structures will experience in service.  At present industry typically uses the linear doublet lattice method with static loads corrections from expensive wind tunnel data. The wind tunnel data is created using the final aerodynamic surface in the predicted cruise shape. This means that gust loads come relatively late when the design options have been narrowed. Increased competition and environmental concerns are likely to lead to the adoption of more flexible materials and the consideration of novel configurations, in which case the linear assumptions of the current gust loads process will become unacceptable.  To introduce non-linearity into the gust loads process without significantly increasing the cost and time, this project has three main objectives: to carry out investigations using CFD so that the non-linearities in gust interactions are understood; to create a gust loads process that does not require wind tunnel data and hence reduces the need for wind tunnel testing; to develop updated reduced order models for gust prediction that account for non-linearity at an acceptable cost. These investigations will reduce the need for expensive wind tunnel testing and hence lead to time and cost savings at the design stage therefore ensuring that the European aerospace and defence industry remain competitive in the future. The wind turbine industry has similar concerns, with gusts and wind shear restricting the locations available for wind farms.  The project will also address these issues using common methodology.</objective>
  <title>Aeroelastic Gust Modelling</title>
<identifier>H2020MG2014TwoStages</identifier>
</project>
