<?xml version="1.0" encoding="UTF-8"?>
<project xmlns="http://cordis.europa.eu">
  <rcn>193311</rcn>
  <acronym>GLORIA</acronym>
  <objective>GLORIA aims to prove that the addition of chronic low dose glucocorticoids (GC) to current antirheumatic therapy is highly cost-effective and safe in elderly patients with rheumatoid arthritis (RA). RA is a frequent (affecting &gt; 2% of the elderly population), painful and disabling chronic disease with high societal costs. RA is associated with multiple comorbidities, polypharmacy and adverse events; these problems, together with challenges in compliance (adherence) are dramatically increased in the elderly population. About 50% of patients are chronically treated with low-dose glucocorticoids (GC) in combination with other antirheumatic drugs, but without good evidence on the balance of benefit and harm. Thus, existing guidelines and information on safety and efficacy of GC are inadequate.
GLORIA will address these problems by conducting a large pragmatic trial: 800 elderly (&gt;65y) RA patients receiving standard of care will be randomized to additionally receive 5 mg prednisolone daily or placebo for 2 years. Very liberal eligibility criteria will ensure representativeness to the target population, and most data will be collected from routine clinical practice, minimizing patient and physician load, and operating costs. A novel tool will monitor compliance; it can send personalized reminders to a patient’s smart device. The efficacy of this technology will be tested in a nested trial. Compliance and other characteristics will be entered into a model that will allow personalized risk and benefit assessment in the future.
Qualitative research in patients and physicians of member states will explore expectations and challenges in guideline implementation. This information and the study results will enable an update to existing guidelines and patient information, in collaboration with guideline committees and regulatory agencies. Networking conferences will improve health technology assessment in the elderly in general.</objective>
  <title>Comparing the effectiveness and safety of additional low-dose glucocorticoid in treatment strategies for elderly patients with rheumatoid arthritis</title>
<identifier>H2020PHC2014twostage</identifier>
</project>
