<?xml version="1.0" encoding="UTF-8"?>
<project xmlns="http://cordis.europa.eu">
  <rcn>193319</rcn>
  <acronym>PROCROP</acronym>
  <objective>Immune responses are initiated by antigen presentation mediated by dendritic cells (DC). There is a minority subset of DC highly specialised in starting up cytotoxic T lymphocytes able to kill tumor cells. PROCROP aims to develop in three pilot clinical trials a suitable individualized cancer vaccine technology for castration resistant prostate cancer and metastatic cancer of the ovary that would complement currently available therapies to increase efficacy. The project applies recent compelling knowledge on the identity of the main antigen-presenting DC subsets for vaccine elicitation of cytotoxic T lymphocytes endowed with the ability to seek and destroy tumour cells (such immune mechanism is termed crosspriming). This unique opportunity for superior DCs for immunotherapy comes from the fact that Miltenyi, a successful European biotech company, has the necessary proprietary reagents (anti-BDCA-3 monoclonal antibody and immunomagnetic selection technology), as well as the expertise to clinically develop a strategy of DC isolation and short-term cell culture for immunotherapy. From the point of view of the tumor antigens, processed autologous tumor material will be mixed with defined common tumor antigens in the form of recombinant proteins. This novel combination will permit stronger and broader antitumor immune responses and more accurate monitoring of the ensuing immunity against the tumors. These features should make the novel DC vaccine more efficacious than the currently US-approved DC vaccine PROVENGE and other DCs preparations undergoing trials, such as those derived from monocytes. Three of the leading groups in immunotherapy of cancer in Europe would join forces to develop this individualized cell therapy technology in clinical trials for two highly prevalent and unsatisfactorily managed malignant conditions. Industrial partnership provides the unique advantage of producing a rigorously standardized product for eventual multicentre trials.</objective>
  <title>Professional cross-priming for ovary and prostate cancer</title>
<identifier>H2020PHC2014twostage</identifier>
</project>
