<?xml version="1.0" encoding="UTF-8"?>
<project xmlns="http://cordis.europa.eu">
  <rcn>193301</rcn>
  <acronym>VIROGENESIS</acronym>
  <objective>NGS analysis pipelines are rapidly becoming part of the routine repertoire of research, clinical and public health laboratories in the public sector and private industry. Middle East Respiratory Syndrome-coronavirus (MERS-CoV) is only one example of the many recent virus discoveries made through analysis of next-generation sequencing (NGS) data. Yet, only a small part of the several millions of short-length sequence fragments generated by NGS machineries, many of which are expected to be of viral origin, can be analysed with current methods in bioinformatics. Even for well-known (pathogenic) viruses, proper epidemiological analyses are becoming more and more difficult due to the lack of bioinformatics tools that can handle the large and growing size of datasets.  The VIROGENESIS consortium will overcome the most pressing bioinformatics obstacles to making full use of NGS by developing a software platform for end-users with tools underpinned by novel algorithms, models and bioinformatics methods. The speed and flexibility of the tools will make it possible to run analyses on a daily basis for a variety of subjects, including diagnostics, phylogeography, phylodynamics and transmission of drug resistance. The tools will be piloted and incorporated in the many available bioinformatics pipelines and software programmes used in the field. We will make our tools available in a modular, free and open source software platform that offers opportunities to SME’s to further exploit this market. The VIROGENESIS consortium brings together leading European academic and private small and medium enterprises (SME) bioinformatics developers and virology end-users who initiated this project in response to a clear interest from EMBL, NCBI and the Global Microbial Identifier (GMI) platform.</objective>
  <title>Virus discovery and epidemic tracing from high throughput metagenomic sequencing</title>
<identifier>H2020PHC2014twostage</identifier>
</project>
