<?xml version="1.0" encoding="UTF-8"?>
<project xmlns="http://cordis.europa.eu">
  <rcn>193450</rcn>
  <acronym>EeB-CA2</acronym>
  <objective>EeB-CA2 initiative is to provide the right set of instruments supporting technology-clustering and geo-clustering upon the whole set of EeB PPP EC-funded projects related to energy efficiency in the built environment, with the following primary ambition: to enhance and rationalise coordinated and broader dissemination, technology transfer and future exploitation activities of clustered projects, so as to help them better promoting and marketing their achievements and deliverables.</objective>
  <title>EeB Cluster Activities Coordination Action</title>
<identifier>H2020EeB2014</identifier>
</project>
