<?xml version="1.0" encoding="UTF-8"?>
<project xmlns="http://cordis.europa.eu">
  <rcn>193428</rcn>
  <acronym>FORTAPE</acronym>
  <objective>More and more industrial sectors are demanding high performance composite materials to face new challenges demanded by the transport sector. Carbon and glass fibre unidirectional continuous tape reinforced composites are one of the most promising options. It would be reasonable to expect that the manufacturing methods to obtain composite parts made of this hybrid material will be capable to tailor-made and optimize even more the advantageous properties given by the tapes nature. However, at the moment, these technologies are not mature enough for a full industrial implementation. Main existing barriers are related to the high consumption of resources, lower rates of automation, high production of defective and the subsequent growth of the manufacturing costs. 
FORTAPE aims to solve these drawbacks through the development of an efficient and optimized integrated system for the manufacturing of complex parts based on unidirectional fibre tapes for its application in the automotive and aeronautical industry, with the minimum use of materials and energy.
To achieve this objective, three main routes for fibre impregnation will be researched to manufacture the unidirectional carbon and glass fibre tapes: novel heating up technologies, melted supercritical fluid-aided thermoplastic polymers and fluidized bed of powders. Novel combination of process-machine approaches will be applied in overmoulding and in-situ consolidation to manufacture the composite parts for the targeted sectors. Novel mathematical modelling and computational simulation concepts will be developed to support the structural optimization and the failure prevention and new instrumentation strategies for process control will be implemented for the selection of the best process. 
The FORTAPE consortium, led by CTAG, gathers 10 partners from 5 different European countries, and covers the whole value chain needed to develop new composite technologies with efficient use of materials and energy.</objective>
  <title>RESEARCH ON EFFICIENT INTEGRATED SYSTEMS FOR THE MANUFACTURING OF COMPLEX PARTS BASED ON UNIDIRECTIONAL TAPES FOR THE AUTOMOTIVE AND AERONAUTICAL</title>
<identifier>H2020FoF2014</identifier>
</project>
