<?xml version="1.0" encoding="UTF-8"?>
<project xmlns="http://cordis.europa.eu">
  <rcn>193228</rcn>
  <acronym>RNEst14-15</acronym>
  <objective>The main aim of the Estonian Researchers’ Nights 2014-2015 (RNEst14-15) is the highlighting of the accomplishments of Estonian researchers and scientists with special focus on their achievements in the field of medicine and other areas influencing the well-being and health of the citizens of Estonia and Europe. The focus of the events of RNEst14-15 will be on different themes of the healthcare spectrum- in 2014, the Estonian Researchers’ Night will be dealing with the concepts of illness prevention (including sports, healthy lifestyles and the diagnostics of potential illnesses), while in 2015 the focus will shift to the issues of treatment, care and the future of medicine in the country. During the events of RNEst14-15, the science and scientists behind the technologies, methods and schools of thought inluencing the health of the Estonian (and European) population will be explored and, to stress the importance of collaborative experiences of the pan-European Researchers’ Night and to broaden the horizon of the topics dealt with, joint events will take place in cooperation with other Researchers’ Night organizers from across Europe (to a greater extent with the organizers from Finland but also with organizers from Belgium, Cyprus, Denmark, Hungary, Ireland, Latvia, Malta, Spain, Turkey, and the United Kingdom) and a special programme will be offered in 2015 to celebrate the 10th anniversary of the European Researchers’ Night.</objective>
  <title>Estonian Researchers' Nights 2014-2015</title>
<identifier>H2020MSCANIGHT2014</identifier>
</project>
