<?xml version="1.0" encoding="UTF-8"?>
<project xmlns="http://cordis.europa.eu">
  <rcn>193303</rcn>
  <acronym>FRESH-DEMO</acronym>
  <objective>Million of tons of vegetables and fruits are harvested and then distributed throughout Europe every year. However, fruits and vegetables can be regarded as highly perishable foods and are especially susceptible to changing climatic conditions (temperature, humidity) after harvest. The long distribution pathways in combination with insufficient technologies for appropriate transport and storage lead to a high amount of food wasted as well as to products with inferior quality arriving at the consumer. Close to 50% of all fruits and vegetables get wasted in the EU, about a third of which can be attributed to the step between harvest and consumption. Food waste is currently a priority topic in the EU with a reduction target of 50% by 2020. 
A novel, innovative humidification/disinfection technology which has been developed based on several successful European research activities can contribute substantially to this target while simultaneously enhancing the shelf life and the hygienic properties of fruit and vegetables. By means of ultrasonic humidification as well as natural sanitizers for disinfection a cool, humid, and germ-free climate will be established preserving quality and freshness of fruits and vegetables (e.g. reduced weight/moisture loss, structural changes, decay, etc.) along the entire post-harvest supply chain. In five real-scale case studies (directly after harvesting - washing step, in transportation, storage, and retail facilities) the market potential of this technology will be demonstrated. Therefore, an unbroken cold as well as humidity chain will be achieved from farm to fork, substantially reducing waste along each step. Thorough analysis of the achieved results in terms of ecologic, technological and economic benefits as well as in-depths market research will provide the basis for an extensive training, promotion, and dissemination program aimed at multipliers and potential clients, thus achieving a successful market introduction.</objective>
  <title>Waste reduction and quality improvement of fruits and vegetables via an innovative and energy-efficient humidification/disinfection technology</title>
<identifier>H2020SFS20142</identifier>
</project>
