<?xml version="1.0" encoding="UTF-8"?>
<project xmlns="http://cordis.europa.eu">
  <rcn>193453</rcn>
  <acronym>MefCO2</acronym>
  <objective>Methanol represents one of the most common and widespread platform chemicals and precursors for further synthesis, and is traditionally produced from synthesis gas, obtained by the reforming of natural gas. This methanol synthesis process operates in a stable, high-throughput manner and demands low carbon dioxide/carbon monoxide ratios in feed. The current project, nonetheless, is to encompass flexible (in operation and feed) methanol synthesis with high carbon dioxide concentration-streams as an input, the latter originating from thermal power stations using fossil fuels. The demonstrational technology may alternatively be intended for the application of existing biomass combustion and gasification system streams, operating for the production of electric/thermal energy, as opposed to chemical synthesis. The other synthesis reactant, hydrogen, is to originate from water hydrolysis using surplus energy, which would be conversely difficult to return to the grid. The three main benefits of the process would thus be as follows; the mitigation of exhaust carbon dioxide and reduction of greenhouse gas emissions (1), stabilisation of electric grid by the consumption of the electric energy at its peaks (2), and the production of methanol as a versatile chemical for further conversion (3). Implications of such technology would have a strong connection to the pending exploration of alternative energy carriers and their synthesis as opposed to conventional resources of fuels and chemicals. The principal technological challenge to be overcome is anticipated to be the development of a suitable catalyst and process, which would allow for high-CO2-content feeds, relatively transient operation (save for an upstream buffering technology is developed), and economically viable operating conditions. The primary advantages of this technology are to be its flexibility, medium-scale operation (deployed “at exhaust location”), and facile integration capacities.</objective>
  <title>Synthesis of methanol from captured carbon dioxide using surplus electricity</title>
<identifier>H2020SPIRE2014</identifier>
</project>
