<?xml version="1.0" encoding="UTF-8"?>
<project xmlns="http://cordis.europa.eu">
  <rcn>193224</rcn>
  <acronym>SCIMFONICOM 2014-15</acronym>
  <objective>SCIMFONICOM 2014-15 is a two years project organized by the Institute of Molecular Genetics and Genetic Engineering, Institute for Biological Research and Faculty of Physical Chemistry, University of Belgrade. “Science in the Past” (2014) and “Science in the Future” (2015) will be organized in five cities and five rural communities in Serbia. Several cultural/educational institutions (Serbian Academy of Sciences and Arts, Belgrade City Library, Regional Center for Talents, French Institute, The Educational Museum, etc.), non-profit humanitarian NGO Youth Association against AIDS, Regional Team for Science, Education and Art Support in Central Serbia and recycling companies have supported the project. NIGHT activities will include: Science Vans (mobile researchers’ teams in rural areas); Grand Science Adventure (interactive demos in different research fields); Treasure Hunt (win award by solving hands-on experiments); Green Science (hands-on recycling); Scientist in Private Life (visitors accompanying researchers in their hobbies); Travel with Science (scientific trolleybus party ride to NIGHT venues); Peek in the Lab (scientific lab model to peek in); Science in the Living room (scientific background of everyday life); Science (in) Fiction (discussion with researchers on science/scientists illustrated in literature/movies); European Corners (quiz about European scientists and interactive display of EU projects in Serbia). SCIMFONICOM 2014-15 is expected to continue to raise public awareness about researchers and to bring researchers closer to visitors by offering attractive new activities and locations, while obtaining greater support of cultural/educational institutions, NGO and companies towards RN main ideas. Project will take a part in RN network (Serbia, Croatia, Bosnia and Herzegovina, Montenegro, Italy, Sweden, UK, Portugal), bringing the greater synergy at the regional and European level, emphasizing European character of Researchers’ Night activity.</objective>
  <title>SCIENCE IN MOTION FOR FRIDAY NIGHT COMMOTION 2014-15</title>
<identifier>H2020MSCANIGHT2014</identifier>
</project>
