<?xml version="1.0" encoding="UTF-8"?>
<project xmlns="http://cordis.europa.eu">
  <rcn>193197</rcn>
  <acronym>ESC</acronym>
  <objective>“Researchers in Real Life” is the project to show people of Aragon, researchers are common people and their work is in our daily life, in a festive mood with activities in City Center streets. After three years European Researchers Night has become an important event in Saragossa. 

The activities are specifically designed to address public at large and young people. We have previous experience in high involvement of researchers doing activities, and a useful structure program to reach 16.000 attendances. The topics are related with how researchers are in real life, hobbies, sports, and common interests. 

The event will be a real “Science party” involving most of the reseach entities in Aragon within a tag “Researchers in Real Life” that has become popular for people in the Community. It is remarkable the involvement of the regional stakeholders, which support this European initiative. We work with them to involve new participants and get to more public. Special attention will be paid to promotion of scientific careers to pupils, and we will show researchers in industry and playing different roles; Researchers are everywhere among us.

The management team of project will be the same as last editions: Esciencia Eventos Cientificos as coordinator, the University of Zaragoza, ARID Foundation (Government of Aragon), which have half of researchers of Aragon. Cooperating bodies such as The Spanish National Research Council (CSIC), Ibercaja Foundation dependant from main regional bank, and Dinopolis Foundation that manage the Teruel science museum. 

The consolidated project in Zaragoza will continue its growth because in 2014-2015 Researchers in Real Life will include two new cities in another province (Teruel) within the Community of Aragon, Alcañiz (16,000 inhabitants) in 2014, and Teruel city  (35.000 in 2015). This new location will allow us to improve the expected number of people in awereness campaign and the participation rates.</objective>
  <title>European Reseearchers Night: Researchers in Real Life.</title>
<identifier>H2020MSCANIGHT2014</identifier>
</project>
