<?xml version="1.0" encoding="UTF-8"?>
<project xmlns="http://cordis.europa.eu">
  <rcn>193537</rcn>
  <acronym>PredicTOOL</acronym>
  <objective>One of the major challenges in understanding the complex immune system is the question when and why this defense system attacks endogenous proteins (i.e. self-proteins). Currently, there are no reliable methods to predict what induces such an immune response, despite it has a major impact in medicine by causing autoimmune diseases, and in biotechnology by inducing adverse reactions towards new drugs.
PredicTOOL will concentrate on antibody-mediated immune reactions to endogenous proteins. By high sensitivity nanotechnological tools based on spectroscopic and imaging techniques (e.g. Circular Dichroism Spectroscopy, Single Molecule Force Spectroscopy, Isothermal Titration Calorimetry, Fluorescence Microscopy), PredicTOOL will identify common patterns that characterize the interaction of autoantibodies with their antigens and further interaction with cells of the immune system. We will use well characterized human model diseases (cardiovascular). The proposed technologies will allow applying the rules of classic mechanics to identify the pattern of autoantibody-antigen interactions and will lead to better understand why an endogenous protein induces an immune response.
The project aims to: i) identify patterns expressed in proteins to which autoantibodies bind on a nanometer scale; ii) investigate whether certain mutations or post-translational changes in the proteins facilitate conformational changes leading to expression of such patterns; iii) assess the binding of human autoantibodies to such modified proteins and compare this with the binding to the wild type/native protein; and iv) develop a platform of microstructured arrays to investigate immunogenic proteins. The results of this highly interdisciplinary and translational project will allow to better understand autoimmunity and to develop new ways for prevention and treatment in medicine, and to optimize the production of safer biotherapeutic drugs.

The vision of PredicTOOL is that physics has the potential to substantially change the view on the pathogenesis of autoimmunity. It is highly interdisciplinary and bridges in a translational approach, immunology, physics, biotechnology and medicine. It targets to identify patterns driving antibody-mediated cardiovascular diseases. The project bears two major areas of application. In medicine, it can lead to better understand autoimmunity and to develop new ways for prevention and treatment. In the development of biotherapeutics, it can help to finally produce safer biotherapeutic drugs. The biggest strength of the project is to directly work in the human system (proteins and antibodies) applying state-of-the-art nanotechnological techniques and physical methods. We have already established the proof-of-principle of our approach using PF4/heparin model system, which now allows transferring our findings to other proteins to identify common patterns.</objective>
  <title>Nanomethods to understand what makes an endogenous protein immunogenic</title>
<identifier>ERC2014STG</identifier>
</project>
