<?xml version="1.0" encoding="UTF-8"?>
<project xmlns="http://cordis.europa.eu">
  <rcn>193477</rcn>
  <acronym>RIBuild</acronym>
  <objective>RIBuild will strengthen the knowledge on how and under what conditions internal thermal insulation is to be implemented in historic buildings, without compromising their architectural and cultural values, with an acceptable safety level against deterioration and collapse of heavy external wall structures. The general objective of RIBuild is to develop effective, comprehensive decision guidelines to optimise the design and implementation of internal thermal insulation in historic buildings across the EU. RIBuild focuses on heavy external walls made of stone, brick and timber framing, as most historic buildings are made of these materials. The general objective is achieved through three main activities
• To obtain a thorough knowledge level to characterise the eligibility of the building for a deep internal thermal insulation renovation. This knowledge is obtained through screening of historic buildings, investigation of material properties and threshold values for failure
• To determine the conditions under which different internal insulation measures are reliable and affordable measures based on probabilistic modelling of the hygrothermal performance, the environmental impact and the cost/benefit
• To develop a set of comprehensive decision guidelines, which are demonstrated in a number of buildings. RIBuild addresses the most difficult retrofitting measure of historic buildings: internal thermal insulation. The adaption of knowledge developed by RIBuild contributes to sustainable historic buildings with improved energy efficiency implying an easier conversion of energy supply from inefficient fossil fuels to efficient renewable energy sources. RIBuild also assesses the hygrothermal performance of the building construction, thus no collateral damage occurs; in case of failure an easy roll back of the measures is possible. The guidelines developed in RIBuild strongly support the deep and holistic retrofitting approach which historic buildings face in the coming years.</objective>
  <title>Robust Internal Thermal Insulation of Historic Buildings</title>
<identifier>H2020EE20141PPP</identifier>
</project>
