<?xml version="1.0" encoding="UTF-8"?>
<project xmlns="http://cordis.europa.eu">
  <rcn>193199</rcn>
  <acronym>EXPERIM</acronym>
  <objective>"ERN has gained momentum in France. Thus, the Ministry of Research has decided to open its great ""Science Fair"" with the ERN, which is a recognition of the quality of the event and significantly develops its reputation and visibility. Therefore, we have set up a programme with distinctive visible features and a high level of consistency throughout the French territory for the 2014 and 2015 editions.
Our aim is to create original meetings as well as long and enriching dialogues between citizens and researchers in 11 towns. Our events will be identical at 80% and will involve 35000 visitors and 600 researchers per year in original public places. These events will be announced through a joint communication process. A theme will link them: “experience”, which means both experience and experiment in French. Our programme will stand out thanks to 3 key features:
- the occasion of face to face dialogues with local researchers;
- the European scope of the ERN. We will set up in each town a “EU-Welcome-corner”: meeting places where the French public will greet and welcome foreign researchers and will have the chance to better understand the meaning of European programmes. This action will be animated by ""Campus France"";
- the opportunity for the public to take part in actual research experiments. The public will get involved in a citizen science event. This will be exciting because in an experiment always lies some mystery. Furthermore, a link will be created between both years as for some experiments of 2014, the results will be presented in 2015. This will ensure the commitment of the public.
In 2015 a great national participatory experiment will be organised, gathering all towns in the performance of one, big common experience in which thousands of French people will be able to take part for the ERN's anniversary.
The organisation of these events is carried out by a consortium of 11 partners specialised in scientific popularisation, especially with researchers."</objective>
  <title>RESEARCHER'S NIGHT IN FRANCE</title>
<identifier>H2020MSCANIGHT2014</identifier>
</project>
