<?xml version="1.0" encoding="UTF-8"?>
<project xmlns="http://cordis.europa.eu">
  <rcn>193222</rcn>
  <acronym>SHARPER</acronym>
  <objective>The SHARPER project (Sharing Researchers’ Passion for Excellence and Results - The European  Researchers’ Night in the Centre of Italy, 2014 – 2015) wants to make the researchers’ quest for excellence accessible to everybody in cities and communities where researchers act and live. 
Excellence is one of the main goal that researchers aim at through high level research projects that can generate innovative results. Enthusiasm, emotions and knowledge are the driving force leading researchers constantly to face new challenges. Making this process accessible means to share with people this quest for innovative results. SHARPER will take place on 26th of September 2014 and the 25th of September 2015 simultaneously in Perugia, Ancona and L’Aquila, the capital cities of three regions in the centre of Italy: Umbria, Marche and Abruzzo. The network of cities together with their Research Institutions and science communication teams provides a group of excellence at national and international level. Perugia combines its tradition as University city with the presence in the city of a fifteen years experienced team (Psiquadro) of science communicators with a European profile. In L’Aquila, The Laboratori Nazionali del Gran Sasso (LNGS), of  the Italian Institute for Nuclear Physics, the University and the GSSI (Gran Sasso Science Institute) provide examples of world leading researchers teams. The Università Politecnica of Ancona is a growing Institution in the field of technological applications of research. SHARPER will include: street labs, exhibitions, performances or other communication actions in venues plenty of symbolic and practical value for the future development of the cities and their future based on excellence and innovation. The SHARPER communication actions will engage students, family groups and citizens actively involved since the planning phase of the project. At least 20.000 visitors are expected in the three cities each year during the Night.</objective>
  <title>SHAring Researchers’ Passion for Excellence and Results. European Reserarchers' Night in the Centre of Italy 2014 - 2015</title>
<identifier>H2020MSCANIGHT2014</identifier>
</project>
