<?xml version="1.0" encoding="UTF-8"?>
<project xmlns="http://cordis.europa.eu">
  <rcn>193401</rcn>
  <acronym>CIPTEC</acronym>
  <objective>CIPTEC introduces an integrated approach which draws on the best ideas deriving from marketing (i.e. customer orientation, marketing research, consumer intelligence), consumer behaviour (i.e. advanced motivational research, behavioural experimentation), innovation (i.e. crowd sourcing, collective intelligence, co-creation and co-design of new ideas, fusion of business concepts with social innovation), evaluation (i.e. socioeconomic, technological and ethical) and co-exploitation within a wider than usual stakeholder platform attacking the challenges that hinder the public transport “environment” transition and re-orientation towards increasing PT market shares, thus substantially contributing to urban road congestion reduction in a sustainable manner.
In the frame of CIPTEC, we study the demand side and how its needs are affected by the continuous storm of change but we take a close look to the supply in an attempt to demystify the needs and understand the distinct challenges PT providers face in tackling the same changes.. We dig out and map promising existing innovation from PT and adjacent fields but we also put forth a collective intelligence subprogram to crowd-source and co-produce novel approaches to tackle underserved needs. We survey public transport users to appreciate the finer differences in preferences for the promising innovations but we dig deeper looking for motivation triggers able to achieve natural behaviour change – not only in the lab but in real life. We provide a translation-in-a-box of our results but we don’t wait for stakeholders to use them; we work with them to motivate and apply these insights into concrete street-action. We invite the broader community to cooperate along the value chain but we bring along an unexpected ally – social entrepreneurs - to build and apply disruptive models of sustainable and replicable value.
Our team is set to provide evidence and innovative tools for achieving growth in European public transport.</objective>
  <title>Collective Innovation for Public Transport in European Cities</title>
<identifier>H2020MG2014TwoStages</identifier>
</project>
