<?xml version="1.0" encoding="UTF-8"?>
<project xmlns="http://cordis.europa.eu">
  <rcn>193363</rcn>
  <acronym>BENEFIT</acronym>
  <objective>BENEFIT takes an innovative approach by analysing funding schemes within an inter-related system. Funding schemes are successful (or not) depending on the Business Model that generates them. The performance of the Business Model is affected by the implementation context and the transport mode. It is matched successfully (or not) by a financing scheme. Relations between actors are described by a governance model (contracting arrangements). These are key elements in Transport Infrastructure Provision, Operation and Maintenance. Success is a measure of the appropriate matching of elements. Within BENEFIT funding and financing schemes are analysed in this respect. Describing these key elements through their characteristics and attributes and clustering each of them is the basis of, first, developing a generic framework. This allows for the transferability of findings with respect to “lessons learned”, “limitations” and “the impact of the financial and economic crisis”. Identifying best matches in their inter-relations and where to intervene, leads to move from a generic framework to a powerful decision policy tool, which can assess funding schemes for investments in modern infrastructure with smart pricing and funding in view of 2050 challenges and needs.
The BENEFIT partnership takes stock of over twenty years of EC funded, national and international research. It receives direct input (evidence study cases) from the OMEGA Centre and COST Action TU1001. It is set-up to share and exchange knowledge and debate. Its high level international advisory group and its consultation group demonstrate its ability to reach out to all stakeholders to share its innovative approach. Namely:
1)Transport infrastructure business models and their project rating by which further value propositions may be included to lead to funding schemes with enhanced creditworthiness enabling viable financing
2)Transferability 
3)Open-access case study database serving both practitioners and researchers</objective>
  <title>BUSINESS MODELS FOR ENHANCING FUNDING AND ENABLING FINANCING OF INFRASTRUCTURE IN TRANSPORT</title>
<identifier>H2020MG2014SingleStageA</identifier>
</project>
