<?xml version="1.0" encoding="UTF-8"?>
<project xmlns="http://cordis.europa.eu">
  <rcn>193562</rcn>
  <acronym>URDNA</acronym>
  <objective>The objective of this proposal is to define the molecular basis behind the origin and protection of unstable repetitive DNA sequences during sexual reproduction. Eukaryotic genomes contain large amounts of repetitive elements that serve vital roles in cellular physiology. However, repetitive elements are intrinsically unstable, which is caused by a high likelihood for incorrect repair when DNA breaks form within repetitive elements. During sexual reproduction, numerous DNA breaks are actively introduced into the genome, and repetitive sequences particularly threaten genome stability during this specialized developmental program. 
We will use the repetitive budding yeast ribosomal (r)DNA array as a model locus to study repetitive DNA instability. Our previous work showed that the outermost elements of this large repetitive array (i.e. rDNA array boundaries) are DNA break ‘fragile sites’, which attract DNA breaks during sexual reproduction. Importantly, we isolated the first known enzymatic ‘anti-DNA break’ system, which minimizes DNA break formation at rDNA array boundaries and as such is crucially required to maintain genome stability.
In the experiments outlined here, we will use a combination of genomics, molecular biology and biochemistry to: 
1) Interrogate the origins of the vulnerability of the repetitive rDNA boundaries for DNA breaks, and
2) Define how a first-in-class ‘anti-DNA break’ system locally protects against DNA break formation. 
These studies will serve as a paradigm for repetitive DNA instability, yielding major insights into the general principles that govern protection of vulnerable genomic elements during sexual reproduction. It is well established that incorrect repair of DNA breaks involving repetitive sequences during sexual reproduction causes a myriad of human congenital disorders. Therefore, we foresee that insights gained from this work have the potential to help us understand the aetiology of human genetic disease.</objective>
  <title>Origin and Protection of Unstable Repetitive DNA Elements During Sexual Reproduction</title>
<identifier>ERC2014STG</identifier>
</project>
