<?xml version="1.0" encoding="UTF-8"?>
<project xmlns="http://cordis.europa.eu">
  <rcn>193286</rcn>
  <acronym>ParaFishControl</acronym>
  <objective>European aquaculture production provides direct employment to 80,000 people and a 3-billion € annual turnover. Parasites cause severe disease outbreaks and high economic losses in finfish aquaculture. The overarching goal of ParaFishControl is to increase the sustainability and competitiveness of European Aquaculture by improving understanding of fish-parasite interactions and by developing innovative solutions and tools for the prevention, control and mitigation of the major parasites affecting Atlantic salmon, rainbow trout, common carp, European sea bass, gilthead sea bream and turbot. To achieve these objectives, ParaFishControl brings together a multidisciplinary consortium comprising 30 partners possessing world-leading, complementary, cross-cutting expertise and drawn from public and private research organisations, and the aquaculture industry. The consortium has access to excellent research facilities, diverse biological resources including host-parasite models, and state-of-the-art vaccinology, genomic, proteomic and transcriptomic technologies. The project will: 1) generate new scientific knowledge on key fish parasites, including genomics, life-cycle, invasion strategy and host-parasite interaction data, with special emphasis on host immunity, pathogen virulence and immunomodulation, providing a scientific basis for improved prophylaxis; 2) determine the transfer of parasites between farmed and wild host populations; 3) develop a wide range of novel prophylactic measures, including vaccines and functional feeds; 4) provide a range of advanced or alternative treatments for parasitic diseases; 5) develop cost-effective, specific and sensitive diagnostic tools for key parasitic diseases; 6) assess the risk factors involved in the emergence, transmission and pathogenesis of parasitic diseases; 7) map the zoonotic risks due to fish helminths and; 8) provide a catalogue of good husbandry practices to obtain safe and high-quality fish products.</objective>
  <title>Advanced Tools and Research Strategies for Parasite Control in European farmed fish</title>
<identifier>H2020SFS20142</identifier>
</project>
