<?xml version="1.0" encoding="UTF-8"?>
<project xmlns="http://cordis.europa.eu">
  <rcn>193316</rcn>
  <acronym>MycoSynVac</acronym>
  <objective>Mycoplasmas are the smallest cell wall less, free-living microorganisms. The lack of a cell wall makes them resistant to many of the common antibiotics. Every year, infections caused by Mycoplasmas in poultry, cows, and pigs, result in multimillion euros losses in USA and Europe. Currently, there are vaccines against M hyopneumoniae in pigs and M gallisepticum and M synoviae in poultry. However, there is no vaccination against many Mycoplasma species infecting pets, humans and farm animals (ie M bovis cow infection). Mycoplasma species in many cases are difficult to grown in axenic culture and those that grow need a complex media with animal serum. In large scale production of Mycoplasma species for vaccination aside from the high cost of animal serum, more important is the high irreproducibility in the production process and the possible contamination with animal viruses. All this together highlights what European industry needs:i) a defined cheap reproducible medium that is animal serum free and ii) an universal Mycoplasma chassis that could be used in a pipeline to vaccinate against Mycoplasma species, as well as any pathogen. M pneumoniae is an ideal starting point for designing such a vaccine chassis. It has a small genome (860 kb) and it is probably the organism with the most comprehensive systems biology data acquired so far. By genome comparison, metabolic modeling and rationally engineering its genome, we will create a vaccine chassis that will be introduced into an industrial pipeline. The process will be guided by the second world largest industry on animal vaccination (MSD), as well as a SME specialized on peptide display and screening. This will ensure the exploitation and commercialization of our work contributing to maintain Europe privileged position in this field. Our ultimate goal is to meet the needs of the livestock industry,taking care of ethical issues, foreseeable risks, and prepare effective dissemination and training material for the public.</objective>
  <title>Engineering of Mycoplasma pneumoniae as a broad-spectrum animal vaccine</title>
<identifier>H2020LEITBIO20141</identifier>
</project>
