<?xml version="1.0" encoding="UTF-8"?>
<project xmlns="http://cordis.europa.eu">
  <rcn>193237</rcn>
  <acronym>SafetyCube</acronym>
  <objective>The objective of SafetyCube is to develop an innovative road safety Decision Support System (DSS) that will enable policy-makers and stakeholders to select and implement the most appropriate strategies, measures and cost-effective approaches to reduce casualties of all road user types and all severities.

At the core of the project will be a novel and comprehensive analysis of accident causation factors combined with newly estimated data on the effectiveness and cost-effectiveness of safety measures, not just in relation to reduction of fatalities but also the number of injured. An operational framework will be established to provide future access to the DSS once the project is completed.

The project has four sub-objectives:
1. To develop new analysis methods for (a) Priority setting, (b) Evaluating the effectiveness of measures (c) Monitoring serious injuries and assessing their socio-economic costs (d) Cost-benefit analysis taking account of human and material costs
2. To apply these methods to safety data to identify the key accident causation mechanisms, risk factors and the most cost-effective measures for fatally and seriously injured casualties
3. To develop an operational framework to ensure the project facilities can be accessed and updated beyond the completion of SafetyCube
4. To enhance the European Road Safety Observatory and work with road safety stakeholders to ensure the results of the project can be implemented as widely as possible

The project outputs will be framed according to the specific policy and stakeholder areas – infrastructures, vehicles and road users – so that the measures developed in the project can be most readily applied. A systems approach will ensure effective coordination between these areas.

The close involvement of road safety stakeholders of all types at national and EU levels and wider will enable the DSS to be focussed on the most appropriate policy-making procedures and ensure the project outputs have global reach.</objective>
  <title>Safety CaUsation, Benefits and Efficiency</title>
<identifier>H2020MG2014TwoStages</identifier>
</project>
