<?xml version="1.0" encoding="UTF-8"?>
<project xmlns="http://cordis.europa.eu">
  <rcn>193302</rcn>
  <acronym>TASCMAR</acronym>
  <objective>TASCMAR project aspires to develop new tools and strategies in order to overcome existing bottlenecks in the biodiscovery and industrial exploitation of novel marine derived biomolecules (secondary metabolites and enzymes) with applications in the pharmaceuticals, nutraceuticals, cosmeceuticals and fine chemicals industries. Exploitation of neglected and underutilized marine invertebrates and symbionts from mesophotic zone will be combined with innovative approaches for the cultivation and extraction of marine organisms from lab to pilot-scale, using the unique prototypes Platotex™ and Zippertex™, both reaching the Technology Readiness Level 7. Thus, marine dedicated cultivation and extraction equipment will be built and validated. These unique improvements will ensure sustainable supply of biomass and promote the production of high added value bioactive marine compounds. An integrated, holistic technological metabolomic approach will be applied, in conjunction with bioactivity profiling, as filtering and bio-prioritisation tools. Moreover, state-of-the-art analytical instrumentation and in-house databases will be employed for the dereplication and characterization of valuable compounds. A panel of libraries (marine organisms, extracts, pure metabolites and biocatalysts) will be constructed and exploited throughout the project. A focused panel of in-vitro, cell-based, in-ovo and in-vivo bioassays for discovering metabolites with anti-ageing and/or angiogenesis modulating activity will frame the entire work-flow and will reveal the lead compounds. In addition, the catalytic potential of mesophotic symbionts and deriving enzymes candidates will be evaluated in fine chemicals and bioremediation industries. The project activities will be constantly assessed via effective management for their societal, economical and environmental impact in order to find the best compromise between industrial development and sustainable growth.</objective>
  <title>Tools And Strategies to access to original bioactive compounds from Cultivation of MARine invertebrates and associated symbionts</title>
<identifier>H2020BG20142</identifier>
</project>
