<?xml version="1.0" encoding="UTF-8"?>
<project xmlns="http://cordis.europa.eu">
  <rcn>193431</rcn>
  <acronym>FALCON</acronym>
  <objective>The undergoing transformation in our current socio-economic models, led by the advent of emerging technologies, has changed the relation of customers to products and services. Customers play no longer a passive role in the product and service development process as they express their product and service experiences and opinions through several channels such as discussion forums, blogs, chat, idea voting, and more. In addition, sensor systems in combination with products incorporated in the Internet of Things (IoT), are becoming increasingly common. The potential endless amounts of available information offer a rich ground for value creation in the product-service innovation chain. In this context FALCON envisions to provide a framework to enable the realization of new products and value-adding services, resulting from user-experiences and product and related services usage; undertaken with the principles of sustainability and social responsibility. FALCON will create impact through the following objectives: First the project will address product-service information collection through collaborative intelligence and Product Embedded Information Devices. Second, it will enable new mechanisms for product-service knowledge representation, exploitation, openness and diffusion. Third, it will strengthen collaboration and new product-service development through new feedback and feed forward mechanisms in the product life-cycle. Fourth, FALCON will explore manufacturing intelligence to support innovative product-services design and finally FALCON will improve product-service lifecycle assessment approaches through the real-time collection of product-service usage information and related experiences. The project is driven by a consortium of highly recognized researchers (BIBA, EPFL, TU Delft ), experienced solution providers (UBITECH, Holonix, Softeco, i-Deal) and industrial companies (Arcelik, Philipps, Dena Cashmere, DATAPIXEL, Vinci Consulting).</objective>
  <title>Feedback mechanisms Across the Lifecycle for Customer-driven Optimization of iNnovative product-service design</title>
<identifier>H2020FoF2014</identifier>
</project>
