<?xml version="1.0" encoding="UTF-8"?>
<project xmlns="http://cordis.europa.eu">
  <rcn>193490</rcn>
  <acronym>SILION</acronym>
  <objective>This ERC-StG 2014 proposal, SILION, outlines a strategy for the one-pot synthesis, characterization, and reactivity investigation of a positively charged, electron-deficient, highly Lewis acidic, cationic silicon(II) species, denoted “silyliumylidene ions”. Silyliumylidene ion has only four valence electrons, consisting of a lone pair of electrons and two vacant orbitals on the central silicon atom. It will be expected to bear the best combined character of both silylenes as silicon analogue of carbene and silylium ions as silicon analogue of carbenium ions. The program described herein is also aimed at the development of silyliumylidene ion as novel catalysts based on main group elements. 
The proposed silyliumylidene ions should fulfil the following criteria: 
a) compounds can be synthesized by a facile one-pot reaction of the corresponding dichlorosilane with two equivalents of N-heterocyclic carbenes, 
b) silyliumylidene ions will potentially possess three reactive sites including (i) a lone pair at the silicon center, (ii) p-orbital at the silicon center, and (iii) N-heterocyclic carbenes, 
c) thanks to their strong sigma-donor as well as pi-acceptor ability, the highly reactive silyliumylidene ions are expected to serve as innovative reagents for activation of organic small molecules, excellent catalysts, and strikingly versatile coordination ligands toward transition metals.  
The target of this proposal is the introduction of facile accessible silyliumylidene ions, which are combined the best properties of silylene and silylium ions, and development of its reactivity and catalytic activity. The synthesis of silyliumylidene ions is straightforward and should allow the investigation of electronic and steric properties of the substituents and N-heterocyclic carbenes. It is anticipated that novel silyliumylidene ions can be used for a promising new building block for low-valent organosilicon compounds and high-performance catalysts.</objective>
  <title>Design, Synthesis, Characterization and Catalytic Application of Silyliumylidene Ions</title>
<identifier>ERC2014STG</identifier>
</project>
