<?xml version="1.0" encoding="UTF-8"?>
<project xmlns="http://cordis.europa.eu">
  <rcn>193546</rcn>
  <acronym>ChromArch</acronym>
  <objective>Chromatin packaging into the nucleus of eukaryotic cells is highly sophisticated. It not only serves to condense the genomic content into restricted space, but mainly to encode epigenetic traits ensuring temporally controlled and balanced transcription of genes and coordinated DNA replication and repair. The non-random three-dimensional chromatin architecture including looped structures between genomic control elements relies on the action of architectural proteins. However, despite increasing interest in spatio-temporal chromatin organization, mechanistic details of their contributions are not well understood.

With this proposal I aim at unveiling molecular mechanisms of protein–mediated chromatin organization by in vivo single molecule tracking and quantitative super-resolution imaging of architectural proteins using reflected light sheet microscopy (RLSM). I will measure the interaction dynamics, the spatial distribution and the stoichiometry of architectural proteins throughout the nucleus and at specific chromatin loci within single cells. In complement single molecule force spectroscopy experiments using magnetic tweezers (MT), I will study mechanisms of DNA loop formation in vitro by structure-mediating proteins. 

Integrating these spatio-temporal and mechanical single molecule information, I will in the third sup-project measure the dynamics of relative end-to-end movements and the forces acting within a looped chromatin structure in living cells.

Taken together, my experiments will greatly enhance our mechanistic understanding of three-dimensional chromatin architecture and inspire future experiments on its regulatory effects on nuclear functions and potential therapeutic utility upon controlled modification.</objective>
  <title>Single Molecule Mechanisms of Spatio-Temporal Chromatin Architecture</title>
<identifier>ERC2014STG</identifier>
</project>
