<?xml version="1.0" encoding="UTF-8"?>
<project xmlns="http://cordis.europa.eu">
  <rcn>193225</rcn>
  <acronym>CITSCI</acronym>
  <objective>The active participation of citizens in science related issues has significantly increased in the past decades and citizen science is top-priority in many institutions and governments across Europe. Portugal, however, is still lagging a little behind. This proposal for the European Researcher’s Night 2014 and 2015 in Portugal – CITSCI – has two broad aims. 

First, CITSCI aims at addressing this national insufficiency, through i) the active mobilisation of university researchers, science museum professionals, municipal authorities and the civil society (associations, NGOs) and ii) the compilation and broader dissemination of what is already being done in terms of citizenship-based research activities in Portugal. It is hoped that these activities become more mainstream in Portugal after CITSCI.

Secondly, in Portugal the relations between contemporary science, socio-economic development, environmental sustainability, and employment, are not yet clearly perceived by the public. Through a broad range of scientific activities, CITSCI aims at raising awareness of the role of research in the citizens daily lives and encourage their direct and active participation in the construction of scientific knowledge. Special attention will be given to the engagement of minorities, citizens with special needs and women.

The University of Lisbon (ULisboa), through its National Museum of Natural History and Science (MUHNAC), coordinates CITSCI. It will mobilise, together with the University of Coimbra, the research community, science centres, NGOs, and local authorities to act as associated partners in their respective regions. The proposal will also have the Municipality of Lisbon as partner, which will play an important role in mobilizing the participation of citizens, local companies and associations, as well as the regional and national media. The Municipality of Lisbon and the NGOs will have a very important role in the co-organization of the build-up and outdoor activities.</objective>
  <title>CITIZEN SCIENCE: BRIDGING THE GAP BETWEEN  RESEARCH AND SOCIETY IN PORTUGAL</title>
<identifier>H2020MSCANIGHT2014</identifier>
</project>
