<?xml version="1.0" encoding="UTF-8"?>
<project xmlns="http://cordis.europa.eu">
  <rcn>193196</rcn>
  <acronym>Let's Do The Science</acronym>
  <objective>Through the project, it is aimed to show public that researchers are most likely with them. They work in a wide range of topic but the common base for all areas is scientific point of view. It is planned to organize an event including at least 200 different interactive scientific activities from wide range of scientific disciplines, opening universities laboratories to public, organizing number of meetings and workshops, conferences, edutainment facilities, seminars and entertainment activities related to science subjects, observing and discussing ideas of public about science and hot topics of their life related to science and EU. 
Strategy for the activities is including all faculties and related centres of the university to take part during the night for the activities and using all resources of the municipality. Science will be in everything (with 25 different scientific disciplines) at everywhere (in 210000m2 campus and live online broadcast), at every time (by showing that science is in daily life) and for everybody (by the activities designed for everybody, i.e. children, young adults, women, disadvantaged groups etc.) in Ankara at the event day. It is expected to have 30.000 attendees per one Researchers’ Night event during the day and night. Besides that, the event will be announced and will be made news by 2 national TV and radio channel to whole country and there will be online live broadcast whole day and night through internet. It is expected to reach 500.000 attendees through live broadcast and more than 10.000.000 people will be made aware of Researchers’ Night activities. Event will develop public recognition on researchers’ accessibility and having time at different activities with scientists will positively affect especially young people. Impact and results of the event will also be an opportunity to show the affect and results of partnership and collaboration of different sectors and provide new partnerships between different sectors.</objective>
  <title>Life is Science, Science is Life: LET'S DO THE SCIENCE!</title>
<identifier>H2020MSCANIGHT2014</identifier>
</project>
