<?xml version="1.0" encoding="UTF-8"?>
<project xmlns="http://cordis.europa.eu">
  <rcn>193460</rcn>
  <acronym>PRODIAS</acronym>
  <objective>The use of renewable resources in the process industries is socially desirable and a market pull for products has started to develop in recent years, but renewable products have to compete with identical or similar-in-application products based on fossil raw materials in terms of quality and production cost. One of the main reasons for currently higher production costs of products based on renewable resources is that the production routes involve processing complex dilute aqueous solutions from which the desired products have to be separated during downstream processing. Consequently, a major challenge the process industry is facing, is the development of cost- and energy-efficient water removal and product-recovery techniques. Today downstream processes for products based on renewable resources are often developed using methods from the petrochemical area being insufficiently adapted to the new applications. A re-thinking of downstream process development and the development of suitable methodologies for a fast-track development of tailored downstream processes as well as the optimisation of separation technologies are urgently needed in order to unlock the potential of the renewable-based product market for the European process industry.   
PRODIAS addresses this challenge by developing and implementing: 
- a toolbox of highly innovative, cost-effective and renewable-tailored separation technologies; single technologies and/or hybrid systems
- novel, optimized apparatus and machinery to enable for and host the developed technologies
- in combination with an integrated design approach for the fast-track selection of appropriate technologies.
The main advantages of the PRODIAS toolbox and integrated design approach for processes based on renewable resources are
- significantly decreased production cost 
- increased productivity and efficiency
- faster process development and commercialization  
- significantly lower energy consumption leading to less CO2 emmissions.</objective>
  <title>PROcessing Diluted Aqueous Systems</title>
<identifier>H2020SPIRE2014</identifier>
</project>
