<?xml version="1.0" encoding="UTF-8"?>
<project xmlns="http://cordis.europa.eu">
  <rcn>193413</rcn>
  <acronym>HOMESKIN</acronym>
  <objective>The Advanced Aerogel-Based Composite (AABC) materials are a unique new class of materials. The HOMESKIN project aims at developing a new silica Advanced Aerogel-Based Composite material possessing the lowest thermal conductivity of all insulation materials found in the market. The proposed solution will bring to the market new insulation technologies that do not only possess very high thermal insulation performance but also are thinner, lighter, non flammable, and with lower CO2 and VOC emissions. The new material developed can be applied to new buildings as well as for old buildings retrofit applications. Among our objectives in this project are to develop more sustainable construction with lower embodied energy, and develop healthy, fire resistant and moisture controlled insulating layers, as well as eco-innovative binders and adhesives, to enhance the durability and reduce maintenance costs, and to demonstrate the energy and health efficiency of building envelopes based on such new materials. The HOMESKIN project shall bring key contributions to the very high performance insulation standards and policies. Different tasks will be carried out by the partners involved. One part of the work is dedicated to the material development. This material will become the basis for the development of the insulation systems. Coatings and interface materials will be developed according to the AABC integration in the insulation systems solutions (for inside, outside, singular points and thermal bridges insulation applications). These advanced insulating systems will be assessed to validate their acoustical, thermal, hygrothermal, fire safety, and VOC emissions properties. A life cycle analysis will also be performed. The performances of these solutions will then be tested on buildings under real weather conditions, from Passys cells to houses in different European regions and finally to a public authority infrastructure.</objective>
  <title>HOMES Key INsulating material</title>
<identifier>H2020EeB2014</identifier>
</project>
