<?xml version="1.0" encoding="UTF-8"?>
<project xmlns="http://cordis.europa.eu">
  <rcn>193300</rcn>
  <acronym>NOMORFILM</acronym>
  <objective>Microalgae are a source of secondary metabolites useful as new bioactive compounds. Activity of these compounds against bacterial pathogens and biofilm formation has not been determined yet. Biofilm formation is especially important in infections and tissue inflammation related to implants and catheters. These problems finally cause a release of the implant, which must be removed and replaced by a new one, entailing an increase in antibiotic consumption, together with a health costs of about 50,000-90,000 € per infection episode. 
Taking both problems in account, the search of new antimicrobial agents that will be effective against the bacteria in their two ways of life, planktonic and biofilm stage, is a priority need in the clinical practice.
For this reason, the overall objective of NOMORFILM project is to search for antibiofilm compounds isolated from microalgae that will be useful in the treatment of this kind of infections and could be incorporated in the manufacturing of medical prosthetic devices. For this purpose, 4,000 microalgae species will be deeply screened specifically for new antibacterial and antibiofilm molecules. Structural elucidation of bioactive compounds from these extracts will assure that only new chemical entities, therefore with anticipated new mechanisms of action, will arise to further project stages, those including toxicity tests and animal models. 
This project also addresses the biosynthesis of the targeted bioactive compounds in sustainable microalgae co-cultures, diminishing cultivation costs by mimicking natural aquatic ecosystems.
Most industrially interesting antibiofilm molecules will be incorporated into nanoparticles in order to develop manufacturing methodologies able to incorporate these compounds into real prosthetic devices matrixes. Marketing of results are assured by the presence of diverse SMEs along the manufacture and distribution of prosthetic devices, and the corresponding consortium agreements with respect to IPRs</objective>
  <title>Novel marine biomolecules against biofilm. Application to medical devices.</title>
<identifier>H2020BG20142</identifier>
</project>
