<?xml version="1.0" encoding="UTF-8"?>
<project xmlns="http://cordis.europa.eu">
  <rcn>193231</rcn>
  <acronym>MONTENIGHT2014-15</acronym>
  <objective>The project Researchers’ Night in Montenegro 2014-15 will be a successful continuance of its precedents Researchers’ Nights 2009-2013, organized by the same consortium, Natural History Museum, Montenegrin Science Promotion Foundation – PRONA and Ministry of Science. Proposed actions will strengthen efforts in bridging the gaps between the researchers and wider public and to upgrade image of researchers within society. Main events will take place from the early afternoon of the last Friday in the September until following Saturday early hours, in years 2014. and 2015. Events will be organized at following venues in Podgorica, capital of Montenegro: 
a) National Library and Main Square - (200 Hands-on-experiments, Lego and other robots performance, Science Quiz, Creative experiments – final round of the competition for high school students, engineering competition for students (BEST), Science and Art installations, Gala opening, inter-generational workshops, ‘Open science Show’, Science cafe, Concert). 
b) Natural History Museum - NATURE CONNECTS US (hands on experiments, interactions with researchers).
c) Shopping Mall Delta - family friendly events for kids (Science Cooking, hands-on experiments, and Funny Math).
d) open and guided labs events in various locations in Podgorica (Uniiv. of Montenegro, Centre for Eco-Toxicological Research, Hydrometeorological-Seismological Service, wine company “13. jul – Plantaze”). There would be also smaller scale events in 7 more towns with interactive presentations (Tivat, Kotor, Danilovgrad, Nikšić, Bijelo Polje, Cetinje, Kolasin). Target groups of the projects are: researchers, high school students, university students, young people in general, preschool children, elementary school pupils, parents, school authorities and teachers, media and general public. The implementation plan implies at least 10000 direct participants each year, and covering 44% of Montenegrin population (app. 290000 people) with awareness campaign.</objective>
  <title>Researchers Night in Montenegro 2014/2015</title>
<identifier>H2020MSCANIGHT2014</identifier>
</project>
