<?xml version="1.0" encoding="UTF-8"?>
<project xmlns="http://cordis.europa.eu">
  <rcn>193589</rcn>
  <acronym>EUSPACE-AWE</acronym>
  <objective>EUSPACE-AWE uses the excitement of space to attract young people to science and technology and stimulate European and global citizenship. Our main goal is to increase the number of young people that choose space-related careers.

We shall target diverse groups that influence career decisions, showing teenagers the opportunities offered by space science and engineering and inspiring primary-school children when their curiosity is high, their value systems are being formed and seeds of future aspirations are sown. 

Activities will 1. Acquaint young people with topical cutting-edge research and “role-model” engineers, 2. Demonstrate to teachers the power of space as a motivational tool and the opportunities of space careers, 3. Provide a repository of innovative peer-reviewed educational resources, including toolkits highlighting seductive aspects of Galileo and Copernicus and 4. Set up a “space career hub” and contest designed to appeal to teenagers. Attention will be paid to stimulating interest amongst girls and ethnic minorities and reaching children in underprivileged communities, where most talent is wasted. Targeting policy makers via high-impact events will help ensure sustainability and demonstrate the social value of the space programme. 

We maximise cost effectiveness by 1 “Piggy backing” on existing ESERO and other teacher training courses and 2. Exploiting and expanding infrastructures of proven FP7-Space projects, EU Universe Awareness for young children and Odysseus for teenagers. 

EUSPACE-AWE will complement existing space-education programs and coordinate closely with ESA. We shall reach European teachers, schools and national curricula through host organisations of ESEROs and the extensive networks of European Schoolnet, Scientix and UNAWE. Designated nodes will provide curriculum and resource localisation and test beds for professional evaluation.  A partnership with the IAU Office of Astronomy for Development in Cape Town ensures global reach.</objective>
  <title>EU SPACE AWARENESS</title>
<identifier>H2020COMPET2014</identifier>
</project>
