<?xml version="1.0" encoding="UTF-8"?>
<project xmlns="http://cordis.europa.eu">
  <rcn>193215</rcn>
  <acronym>Power2Nights</acronym>
  <objective>The project Malopolska Researchers' Night will be implemented in the years 2014 and 2015 respectively for the eighth and ninth time. The event has already permanently inscribed in the calendar of Malopolska scientific events, enjoying growing from year to year popular among participants and becoming one of the biggest Nights in Europe. In 2013, this event was attended by over 55 thousand people, while in the first year of the project (2007) the event was attended only by 3.5 thousand people. The event program specified in the application is even richer than before – it will take over 1 thousand activities, mainly interactive workshops, presentations, demonstrations and experiments as well as shows with the participation of scientists. It is estimated that 60 thousand people will participate in the events in 2014 and 65 thousand people in 2015. Malopolska Researchers' Night is to first of all show participants how interesting is the work of scientists and how fascinating they are people. Through fun, in accessible and understandable way for everybody, we want to show that all around us is the science, and that scientists in their laboratories are working every day to make our life better, easier and more modern. The main motto of the project for the years 2014 and 2015 will be to present the successes of Malopolska scientists working in international scientific-research teams. The event will be held in six cities of the Region: Krakow, Tarnow, Nowy Sacz and Niepolomice and - for the first time in 2014 - also in Skawina and Andrychow. In addition, it is planned the live broadcast from selected locations via event website. The program will be prepared by almost 900 researchers, more than 1 600 students, about 120 research groups from more than 30 partners. Thanks to the extensive promotional campaign the information about the event will reach to nearly 3.5 million people each year.</objective>
  <title>Malopolska Researchers' Night 2014-2015</title>
<identifier>H2020MSCANIGHT2014</identifier>
</project>
