<?xml version="1.0" encoding="UTF-8"?>
<project xmlns="http://cordis.europa.eu">
  <rcn>193304</rcn>
  <acronym>EU-TOPIA</acronym>
  <objective>Breast, colorectal and cervical cancer cause 250,000 deaths each year, representing 20% of EU-cancer mortality. Although important progress has been made in both detection and treatment, there is persisting inequity in progress to reduce its burden. Screening programmes vary substantially between countries and in most long-term effectiveness of screening has not yet been assessed. The objective of EU-TOPIA is to systematically evaluate and quantify the harms and benefits of the running programmes for breast, cervical, and colorectal cancer in all European countries, and identify ways to improve health outcomes and equity for citizens. We will first identify significant inequities in screening outcomes by assessing the key set of quality indicators for benefits and harms in each country. Using these indicators, outcomes and cost-effectiveness of existing cancer screening programmes in 2015 will be estimated. For this, state-of-the-art models of the natural history of the cancers will be constructed, using country-specific data with and from country-specific experts. Barriers hindering implementation of optimal screening programs will be assessed, leading to road maps for  improved screening. These road maps contain feasible changes, e.g., to extend or reduce the program, to change the screen test used or change key quality indicators, to perform activities that reduce screen-related harm or incorporate new developments in screening, and provide policymakers with evidence for increased, decreased or optimized use of screening. Capacity for self-evaluation of screening will be built using three web-based tools (monitoring, model-quantification and barrier assessment) explained and trained in workshops with country representatives, also from the Associated Countries. The project will lead to reduced inequity, reduced number of cancer deaths and over-diagnosed cases, and increase in life years gained and better cost-effectiveness by 2025. That is why we call it EU-TOPIA.</objective>
  <title>EU-TOPIA: TOWARDS IMPROVED SCREENING FOR BREAST, CERVICAL AND COLORECTAL CANCER IN ALL OF EUROPE</title>
<identifier>H2020PHC2014twostage</identifier>
</project>
