<?xml version="1.0" encoding="UTF-8"?>
<project xmlns="http://cordis.europa.eu">
  <rcn>193376</rcn>
  <acronym>SENIORS</acronym>
  <objective>European countries face great challenges because the demographic structure in the EU is changing rapidly, due to reducing birth rates and increasing life expectancies. In 2012, 17% of Europeans were aged 65 and older and in 2020 this will rise to 28%. Meanwhile, the mobility needs of the elderly are also changing. Maintaining a driver's licence is an important issue of independence today, both for males and females. Also technological developments like the introduction of e-bikes enables access to other means of transport.
These demographic and behavioural changes are of growing concern to mobility and road safety. While accident data show a decreasing number of fatalities and serious injuries on EU roads, recent data from the ERSO show an increasing proportion of elderly in the fatality statistics.  This trend is a serious threat to the achievements of recent decades and poses a challenge that must be addressed to meet goals set for further reduction of road fatalities. Furthermore, there is an increasing rate of obesity in EU populations, which introduces changes in injury patterns and risks. The SENIORS project focuses on the protection of elderly and obese road users also by transferring nowadays younger generations’ safety standards. The objective is to develop the required understanding of accident scenarios, injury mechanisms and risks and to implement these findings in test tools and test and assessment procedures. An integrated approach considering the elderly in multiple transport modes is applied to reduce the portion of elderly fatalities. The small-scale project focuses on providing tools to encourage wider adoption of advanced restraint and pedestrian protection systems improving the protection of older and obese vulnerable road users. The activities consolidate results from previous EU projects such as THORAX and AsPeCSS and meet the needs defined by the GRSP IWG on Frontal Impact working on a near-term (2015) and mid-term (2020) update of UN-R94.</objective>
  <title>Safety-ENhancing Innovations for Older Road userS</title>
<identifier>H2020MG2014TwoStages</identifier>
</project>
