<?xml version="1.0" encoding="UTF-8"?>
<project xmlns="http://cordis.europa.eu">
  <rcn>193212</rcn>
  <acronym>RoTalkScience</acronym>
  <objective>The general objective of the project is to promote scientific research in Romania and to share to general public the enthusiasm of professionals working in this field. 
Our approach for this national coverage event is to present science and scientists in a non conventional way, employing edutainment methods. The easiest way for the public to learn about science and research is to experience things and to remember amusing scientific experiments or demonstrations. Similar activities, conducted in a regular manner should be a trigger for the pupils and students to consider a career in research following graduation.
Our event will take place in 6 cities: Bucharest, Craiova, Cluj-Napoca, Iasi, Sibiu and Timisoara, and are organized by enthusiastic teams from Universities and research Institutes. The gravity point of all proposed activities is represented by various open air activities, organized in an amusing manner by real scientists and students.  Furthermore we would like to stress the importance of scientific research for a modern society and to share information on major research infrastructures in Romania (e.g ELI project). European Research Area and the program Horizon2020 will be presented interactively at EU corners.
The target audience for all locations include pupils, students, teachers, parents and grand parents, with special attention devoted to gender equality. We will attract pupils and parents from rural regions, kids with special educational needs, kids from the gifted education programme and theirs trainers. Special tours will be organized for policy makers in educational area, science teachers and science journalists. By means of a well developed media plan, including social media tools, during the awareness campaign we expect that more that 700000 people will know precise data about our project: locations, hours, proposed activities. In all proposed locations we expect a total number of participants higher than 20000 people.</objective>
  <title>RESEARCHERS' NIGHT in ROMANIA. Do you speak science?</title>
<identifier>H2020MSCANIGHT2014</identifier>
</project>
