<?xml version="1.0" encoding="UTF-8"?>
<project xmlns="http://cordis.europa.eu">
  <rcn>193240</rcn>
  <acronym>ULTRADIAN</acronym>
  <objective>We propose to revolutionize current endocrine diagnostics by replacing conventional, time-consuming single-analyte hormone assays with ambulatory dynamic endocrine diagnostics. Disorders of the adrenal and pituitary endocrine systems are not only accompanied by changes in absolute hormone levels, but also secretion patterns. The rapid circadian (24 hour) and ultradian (&lt; 24 hour) cycling of hormone levels poses diagnostic challenges since random measurements do not always detect abnormalities. Furthermore, monitoring of treatment of endocrine diseases are often severely limited by lack of multiple measurements at different time points, which is impractical in an out-patient setting.

To overcome these hurdles academic and commercial partners propose to: 

• Develop a novel microdialysate sampling and analysis system for adrenal and pituitary hormonome profiling

• Validate the method in healthy vs. six populations with endocrine disorders 

• Promote the system for demonstration in routine clinical practice by dissemination of results to relevant European stakeholders
 
The portable fraction collector for subcutaneous microdialysate combined with state-or-the-art ultrasensitive assays by liquid chromatography tandem mass spectroscopy (LCMS/MS) and multiplex proximity extension assays (Proseek), will allow collection of 10 minute fractions for up to 72 hours while the person tends to daily life activities. LCMSMS and Proseek assays can generate a timeline of “hormonomes” covering the 24 hour cycle without losing sensitivity and specificity, producing not only hormone levels, but also secretion patterns for diagnostics and monitoring purposes.

ULTRADIAN will deliver an ambulatory diagnostic system with unprecedented sensitivity and specificity for simplified diagnostics and monitoring of endocrine conditions, economisation of health care, and new products and markets for the European diagnostic sector.</objective>
  <title>Dynamic hormone diagnostics</title>
<identifier>H2020PHC2014twostage</identifier>
</project>
