<?xml version="1.0" encoding="UTF-8"?>
<project xmlns="http://cordis.europa.eu">
  <rcn>193472</rcn>
  <acronym>TASIO</acronym>
  <objective>The main objective of the project is to develop solutions to recover the waste heat produced in energetic intensive processes of industrial sectors such as cement, glass, steelmaking and petrochemical and transform it into useful energy. These solutions will be designed after an evaluation of the energetic situation of these four industries and will deal with the development of Waste Heat Recovery Systems (WHRS) based on the Organic Rankine Cycle (ORC) technology. This technology is able to recover and transform the thermal energy of the flue gases of EII into electric power for internal or external use. Furthermore, a WHRS will be developed and tested to recover and transform the thermal energy of the flue gases of EII into mechanical energy for internal use (compressors). In order to reach this objective several challenging innovative aspects will have to be approached by the consortium. It is planned to design and develop a multisectorial direct heat exchanger to transfer heat directly from the flue gases to the organic fluid of the ORC system and to develop new heat conductor and anticorrosive materials to be used in parts of the heat exchanger in contact with the flue gases. These aspects will be completed by the design and modelling of a new integrated monitoring and control system for the addressed sectors. The consortium consists of 8 partners from 4 European countries. They cover several relevant sectors of the energy intensive industry, namely cement, steel, glass and petrochemical sectors. The industrial involvement in the project is significant and the project addresses the implementation of a full demonstration of the WHRS for electrical energy generation in one of the industrial partners (CEMENTI ROSSI) and a semi-validation of the WHRS for air compressors energy supply system at pilot scale.</objective>
  <title>Waste Heat Recovery for Power Valorisation with Organic Rankine Cycle Technology in Energy Intensive Industries</title>
<identifier>H2020EE20141PPP</identifier>
</project>
